Set,Connection Name,FlexDeploy Variable Name,Data Value,Attachment
N,AZURE_ANALYTICS_DB.connection.Host=,,,
N,AZURE_ANALYTICS_DB.connection.Port=,,,
N,AZURE_ANALYTICS_DB.connection.SID=,,,
Y,AZURE_ANALYTICS_DB.connection.Service Name=,FD_OIC_CMN_ATP_SHARED,,
Y,AZURE_ANALYTICS_DB.secure.Wallet=,FD_OIC_CMN_ATP_WALLET,,Y
Y,AZURE_ANALYTICS_DB.secure.Wallet Password=,FD_OIC_CMN_ATP_WALLET_PASS,,
Y,AZURE_ANALYTICS_DB.secure.Database Service Username=,FD_OIC_CMN_ATP_AZURE_USER,,
Y,AZURE_ANALYTICS_DB.secure.Database Service Password=,FD_OIC_CMN_ATP_DB_PASS,,
N,AZURE_ANALYTICS_DB.agentDefinition=,,,
N,,,,
Y,BNZ_SFTP.connection.FTP Server Host Address=,FD_OIC_BNZ_SFTP_URL,,
Y,BNZ_SFTP.connection.FTP Server Port=,FD_OIC_CMN_PORT_60022,,
Y,BNZ_SFTP.connection.SFTP Connection=,FD_OIC_CMN_SFTP_CONF,,
N,BNZ_SFTP.connection.Passive IP as Host Address=,,,
N,BNZ_SFTP.connection.Host Key=,,,
N,BNZ_SFTP.connection.FTP SSL Type=,,,
N,BNZ_SFTP.connection.SSL Certificate=,,,
N,BNZ_SFTP.connection.FTP Server OS=,,,
N,BNZ_SFTP.connection.FTP SSL Channel Mask=,,,
N,BNZ_SFTP.connection.SFTP Key Exchange Algorithm=,,,
N,BNZ_SFTP.connection.SFTP Preferred Cipher Suite=,,,
N,BNZ_SFTP.connection.SFTP Preferred Data Integrity Algorithm=,,,
N,BNZ_SFTP.connection.SFTP Preferred PKI Algorithm=,,,
N,BNZ_SFTP.connection.FTP Server Time Zone=,,,
Y,BNZ_SFTP.secure.User Name=,FD_OIC_BNZ_SFTP_USER,,
Y,BNZ_SFTP.secure.Private Key File=,FD_OIC_CMN_MX_SSH_PRI_KEY,,Y
Y,BNZ_SFTP.secure.PassPhrase=,FD_OIC_CMN_MX_SSH_PRI_PASS,,
N,BNZ_SFTP.secure.PGP Public Key=,,,
N,BNZ_SFTP.secure.ASCII-Armor Encryption Format=,,,
N,BNZ_SFTP.secure.Cipher Algorithm=,,,
Y,BNZ_SFTP.secure.PGP Private Key=,FD_OIC_CMN_MX_PGP_PRI_KEY,,Y
Y,BNZ_SFTP.secure.PGP Private Key Password=,FD_OIC_CMN_MX_PGP_PRI_PASS,,
Y,BNZ_SFTP.secure.PGP Sign Public Key=,FD_OIC_CMN_BNZ_PGP_PUB,,
N,BNZ_SFTP.secure.PGP Sign Private Key=,,,
N,BNZ_SFTP.secure.PGP signing Private key password=,,,
N,BNZ_SFTP.agentDefinition=,,,
N,,,,
Y,CONCUR_REST.connection.Connection Type=,FD_OIC_CMN_RESTURL,,
Y,CONCUR_REST.connection.TLS Version=,FD_OIC_CMN_TLS,,
Y,CONCUR_REST.connection.Connection URL=,FD_OIC_CONCUR_URL,,
N,CONCUR_REST.connection.Enable two way SSL for outbound connections (Optional)=,,,
N,CONCUR_REST.connection.Identity keystore alias name (Optional)=,,,
Y,CONCUR_REST.secure.Access Token Request=,FD_OIC_CONCUR_ACCESS_TOKEN_RQ,,
Y,CONCUR_REST.secure.Refresh Token Request=,FD_OIC_CONCUR_REFRESH_TOKEN_RQ,,
Y,CONCUR_REST.secure.$access_token=,FD_OIC_CONCUR_ACCESS_TOKEN,,
Y,CONCUR_REST.secure.$refresh_token=,FD_OIC_CONCUR_REFRESH_TOKEN,,
Y,CONCUR_REST.secure.$expiry=,FD_OIC_CONCUR_EXPIRY,,
Y,CONCUR_REST.secure.$token_type=,FD_OIC_CONCUR_TOKEN_TYPE,,
Y,CONCUR_REST.secure.access_token_usage=,FD_OIC_CONCUR_ACCESS_TOKEN_USAGE,,
N,CONCUR_REST.agentDefinition=,,,
N,,,,
Y,CONCUR_REST_INVOKE.connection.Connection Type=,FD_OIC_CMN_RESTURL,,
Y,CONCUR_REST_INVOKE.connection.TLS Version=,FD_OIC_CMN_TLS,,
Y,CONCUR_REST_INVOKE.connection.Connection URL=,FD_OIC_CONCUR_URL,,
N,CONCUR_REST_INVOKE.connection.Enable two way SSL for outbound connections (Optional)=,,,
N,CONCUR_REST_INVOKE.connection.Identity keystore alias name (Optional)=,,,
Y,CONCUR_REST_INVOKE.secure.Access Token Request=,FD_OIC_CONCUR_ACCESS_TOKEN_RQ,,
Y,CONCUR_REST_INVOKE.secure.Refresh Token Request=,FD_OIC_CONCUR_REFRESH_TOKEN_RQ,,
Y,CONCUR_REST_INVOKE.secure.$access_token=,FD_OIC_CONCUR_ACCESS_TOKEN,,
Y,CONCUR_REST_INVOKE.secure.$refresh_token=,FD_OIC_CONCUR_REFRESH_TOKEN,,
Y,CONCUR_REST_INVOKE.secure.$expiry=,FD_OIC_CONCUR_EXPIRY,,
Y,CONCUR_REST_INVOKE.secure.$token_type=,FD_OIC_CONCUR_TOKEN_TYPE,,
Y,CONCUR_REST_INVOKE.secure.access_token_usage=,FD_OIC_CONCUR_ACCESS_TOKEN_USAGE,,
N,CONCUR_REST_INVOKE.agentDefinition=,,,
N,,,,
Y,DBNET_LOAD_SOAP.connection.WSDL URL=,FD_OIC_DBNET_LOAD_URL,,
N,DBNET_LOAD_SOAP.connection.Service WSDL=,,,
N,DBNET_LOAD_SOAP.connection.Target Server's TLS version (Optional)=,,,
N,DBNET_LOAD_SOAP.connection.Suppress insertion of timestamp into the request (Optional)=,,,
N,DBNET_LOAD_SOAP.connection.Ignore timestamp in the response message (Optional)=,,,
N,DBNET_LOAD_SOAP.connection.Enable two way SSL for outbound connections (Optional)=,,,
N,DBNET_LOAD_SOAP.connection.Identity keystore alias name (Optional)=,,,
Y,DBNET_LOAD_SOAP.secure.Username=,FD_OIC_DBNET_USER,,
Y,DBNET_LOAD_SOAP.secure.Password=,FD_OIC_DBNET_PASS,,
N,DBNET_LOAD_SOAP.agentDefinition=,,,
N,,,,
Y,DBNET_STATUS_SOAP.connection.WSDL URL=,FD_OIC_DBNET_STATUS_URL,,
N,DBNET_STATUS_SOAP.connection.Service WSDL=,,,
N,DBNET_STATUS_SOAP.connection.Target Server's TLS version (Optional)=,,,
N,DBNET_STATUS_SOAP.connection.Suppress insertion of timestamp into the request (Optional)=,,,
N,DBNET_STATUS_SOAP.connection.Ignore timestamp in the response message (Optional)=,,,
N,DBNET_STATUS_SOAP.connection.Enable two way SSL for outbound connections (Optional)=,,,
N,DBNET_STATUS_SOAP.connection.Identity keystore alias name (Optional)=,,,
Y,DBNET_STATUS_SOAP.secure.Username=,FD_OIC_DBNET_USER,,
Y,DBNET_STATUS_SOAP.secure.Password=,FD_OIC_DBNET_PASS,,
N,DBNET_STATUS_SOAP.agentDefinition=,,,
N,,,,
Y,HSBCAP_FTP.connection.FTP Server Host Address=,FD_OIC_HSBC_SFTP_URL,,
Y,HSBCAP_FTP.connection.FTP Server Port=,FD_OIC_CMN_PORT_10022,,
Y,HSBCAP_FTP.connection.SFTP Connection=,FD_OIC_CMN_SFTP_CONF,,
N,HSBCAP_FTP.connection.Passive IP as Host Address=,,,
N,HSBCAP_FTP.connection.Host Key=,,,
N,HSBCAP_FTP.connection.FTP SSL Type=,,,
N,HSBCAP_FTP.connection.SSL Certificate=,,,
N,HSBCAP_FTP.connection.FTP Server OS=,,,
N,HSBCAP_FTP.connection.FTP SSL Channel Mask=,,,
N,HSBCAP_FTP.connection.SFTP Key Exchange Algorithm=,,,
N,HSBCAP_FTP.connection.SFTP Preferred Cipher Suite=,,,
N,HSBCAP_FTP.connection.SFTP Preferred Data Integrity Algorithm=,,,
N,HSBCAP_FTP.connection.SFTP Preferred PKI Algorithm=,,,
N,HSBCAP_FTP.connection.FTP Server Time Zone=,,,
Y,HSBCAP_FTP.secure.User Name=,FD_OIC_HSBC_SFTP_AP_NAME,,
Y,HSBCAP_FTP.secure.Private Key File=,FD_OIC_CMN_MX_SSH_PRI_KEY,,Y
Y,HSBCAP_FTP.secure.PassPhrase=,FD_OIC_CMN_MX_SSH_PRI_PASS,,
N,HSBCAP_FTP.secure.PGP Public Key=,,,
N,HSBCAP_FTP.secure.ASCII-Armor Encryption Format=,,,
N,HSBCAP_FTP.secure.Cipher Algorithm=,,,
N,HSBCAP_FTP.secure.PGP Private Key=,,,
N,HSBCAP_FTP.secure.PGP Private Key Password=,,,
N,HSBCAP_FTP.secure.PGP Sign Public Key=,,,
N,HSBCAP_FTP.secure.PGP Sign Private Key=,,,
N,HSBCAP_FTP.secure.PGP signing Private key password=,,,
N,HSBCAP_FTP.agentDefinition=,,,
N,,,,
Y,HSBCCN_FTP.connection.FTP Server Host Address=,FD_OIC_HSBC_SFTP_URL,,
Y,HSBCCN_FTP.connection.FTP Server Port=,FD_OIC_CMN_PORT_10022,,
Y,HSBCCN_FTP.connection.SFTP Connection=,FD_OIC_CMN_SFTP_CONF,,
N,HSBCCN_FTP.connection.Passive IP as Host Address=,,,
N,HSBCCN_FTP.connection.Host Key=,,,
N,HSBCCN_FTP.connection.FTP SSL Type=,,,
N,HSBCCN_FTP.connection.SSL Certificate=,,,
N,HSBCCN_FTP.connection.FTP Server OS=,,,
N,HSBCCN_FTP.connection.FTP SSL Channel Mask=,,,
N,HSBCCN_FTP.connection.SFTP Key Exchange Algorithm=,,,
N,HSBCCN_FTP.connection.SFTP Preferred Cipher Suite=,,,
N,HSBCCN_FTP.connection.SFTP Preferred Data Integrity Algorithm=,,,
N,HSBCCN_FTP.connection.SFTP Preferred PKI Algorithm=,,,
N,HSBCCN_FTP.connection.FTP Server Time Zone=,,,
Y,HSBCCN_FTP.secure.User Name=,FD_OIC_HSBC_SFTP_CN_NAME,,
Y,HSBCCN_FTP.secure.Private Key File=,FD_OIC_CMN_MX_SSH_PRI_KEY,,Y
Y,HSBCCN_FTP.secure.PassPhrase=,FD_OIC_CMN_MX_SSH_PRI_PASS,,
N,HSBCCN_FTP.secure.PGP Public Key=,,,
N,HSBCCN_FTP.secure.ASCII-Armor Encryption Format=,,,
N,HSBCCN_FTP.secure.Cipher Algorithm=,,,
N,HSBCCN_FTP.secure.PGP Private Key=,,,
N,HSBCCN_FTP.secure.PGP Private Key Password=,,,
N,HSBCCN_FTP.secure.PGP Sign Public Key=,,,
N,HSBCCN_FTP.secure.PGP Sign Private Key=,,,
N,HSBCCN_FTP.secure.PGP signing Private key password=,,,
N,HSBCCN_FTP.agentDefinition=,,,
N,,,,
Y,INTERNAL_VIMOS_REST.connection.Connection Type=,FD_OIC_CMN_RESTURL,,
Y,INTERNAL_VIMOS_REST.connection.TLS Version=,FD_OIC_CMN_TLS,,
Y,INTERNAL_VIMOS_REST.connection.Connection URL=,FD_OIC_IMOS_OIC_URL,,
N,INTERNAL_VIMOS_REST.connection.Enable two way SSL for outbound connections (Optional)=,,,
N,INTERNAL_VIMOS_REST.connection.Identity keystore alias name (Optional)=,,,
Y,INTERNAL_VIMOS_REST.secure.Username=,FD_OIC_CMN_OIC_USER,,
Y,INTERNAL_VIMOS_REST.secure.Password=,FD_OIC_CMN_OIC_PASS,,
N,INTERNAL_VIMOS_REST.agentDefinition=,,,
N,,,,
Y,ITC_SFTP.connection.FTP Server Host Address=,FD_OIC_ITC_SFTP_URL,,
Y,ITC_SFTP.connection.FTP Server Port=,FD_OIC_CMN_PORT_22,,
Y,ITC_SFTP.connection.SFTP Connection=,FD_OIC_CMN_SFTP_CONF,,
N,ITC_SFTP.connection.Passive IP as Host Address=,,,
N,ITC_SFTP.connection.Host Key=,,,
N,ITC_SFTP.connection.FTP SSL Type=,,,
N,ITC_SFTP.connection.SSL Certificate=,,,
N,ITC_SFTP.connection.FTP Server OS=,,,
N,ITC_SFTP.connection.FTP SSL Channel Mask=,,,
N,ITC_SFTP.connection.SFTP Key Exchange Algorithm=,,,
N,ITC_SFTP.connection.SFTP Preferred Cipher Suite=,,,
N,ITC_SFTP.connection.SFTP Preferred Data Integrity Algorithm=,,,
N,ITC_SFTP.connection.SFTP Preferred PKI Algorithm=,,,
N,ITC_SFTP.connection.FTP Server Time Zone=,,,
Y,ITC_SFTP.secure.User Name=,FD_OIC_ITC_SFTP_USER,,
Y,ITC_SFTP.secure.Password=,FD_OIC_ITC_SFTP_PASS,,
N,ITC_SFTP.secure.SSL Certificate Password=,,,
N,ITC_SFTP.secure.PGP Public Key=,,,
N,ITC_SFTP.secure.ASCII-Armor Encryption Format=,,,
N,ITC_SFTP.secure.Cipher Algorithm=,,,
N,ITC_SFTP.secure.PGP Private Key=,,,
N,ITC_SFTP.secure.PGP Private Key Password=,,,
N,ITC_SFTP.secure.PGP Sign Public Key=,,,
N,ITC_SFTP.secure.PGP Sign Private Key=,,,
N,ITC_SFTP.secure.PGP Sign Private key Password=,,,
N,ITC_SFTP.agentDefinition=,,,
N,,,,
Y,JPM_FTP.connection.FTP Server Host Address=,FD_OIC_JPM_SFTP_URL,,
Y,JPM_FTP.connection.FTP Server Port=,FD_OIC_CMN_PORT_22,,
Y,JPM_FTP.connection.SFTP Connection=,FD_OIC_CMN_SFTP_CONF,,
N,JPM_FTP.connection.Passive IP as Host Address=,,,
N,JPM_FTP.connection.Host Key=,,,
N,JPM_FTP.connection.FTP SSL Type=,,,
N,JPM_FTP.connection.SSL Certificate=,,,
N,JPM_FTP.connection.FTP Server OS=,,,
N,JPM_FTP.connection.FTP SSL Channel Mask=,,,
N,JPM_FTP.connection.SFTP Key Exchange Algorithm=,,,
N,JPM_FTP.connection.SFTP Preferred Cipher Suite=,,,
N,JPM_FTP.connection.SFTP Preferred Data Integrity Algorithm=,,,
N,JPM_FTP.connection.SFTP Preferred PKI Algorithm=,,,
N,JPM_FTP.connection.FTP Server Time Zone=,,,
Y,JPM_FTP.secure.User Name=,FD_OIC_JPM_SFTP_USER,,
Y,JPM_FTP.secure.Private Key File=,FD_OIC_CMN_MX_SSH_PRI_2022_KEY,,Y
Y,JPM_FTP.secure.PassPhrase=,FD_OIC_CMN_MX_SSH_PRI_PASS,,
N,JPM_FTP.secure.PGP Public Key=,,,
N,JPM_FTP.secure.ASCII-Armor Encryption Format=,,,
N,JPM_FTP.secure.Cipher Algorithm=,,,
N,JPM_FTP.secure.PGP Private Key=,,,
N,JPM_FTP.secure.PGP Private Key Password=,,,
N,JPM_FTP.secure.PGP Sign Public Key=,,,
N,JPM_FTP.secure.PGP Sign Private Key=,,,
N,JPM_FTP.secure.PGP signing Private key password=,,,
N,JPM_FTP.agentDefinition=,,,
N,,,,
Y,KLEIN_FTP.connection.FTP Server Host Address=,FD_OIC_KLS_SFTP_URL,,
Y,KLEIN_FTP.connection.FTP Server Port=,FD_OIC_CMN_PORT_22,,
Y,KLEIN_FTP.connection.SFTP Connection=,FD_OIC_CMN_SFTP_CONF,,
N,KLEIN_FTP.connection.Passive IP as Host Address=,,,
N,KLEIN_FTP.connection.Host Key=,,,
N,KLEIN_FTP.connection.FTP SSL Type=,,,
N,KLEIN_FTP.connection.SSL Certificate=,,,
N,KLEIN_FTP.connection.FTP Server OS=,,,
N,KLEIN_FTP.connection.FTP SSL Channel Mask=,,,
N,KLEIN_FTP.connection.SFTP Key Exchange Algorithm=,,,
N,KLEIN_FTP.connection.SFTP Preferred Cipher Suite=,,,
N,KLEIN_FTP.connection.SFTP Preferred Data Integrity Algorithm=,,,
N,KLEIN_FTP.connection.SFTP Preferred PKI Algorithm=,,,
N,KLEIN_FTP.connection.FTP Server Time Zone=,,,
Y,KLEIN_FTP.secure.User Name=,FD_OIC_KLS_SFTP_USER,,
Y,KLEIN_FTP.secure.Password=,FD_OIC_KLS_SFTP_PASS,,
N,KLEIN_FTP.secure.SSL Certificate Password=,,,
N,KLEIN_FTP.secure.PGP Public Key=,,,
N,KLEIN_FTP.secure.ASCII-Armor Encryption Format=,,,
N,KLEIN_FTP.secure.Cipher Algorithm=,,,
N,KLEIN_FTP.secure.PGP Private Key=,,,
N,KLEIN_FTP.secure.PGP Private Key Password=,,,
N,KLEIN_FTP.secure.PGP Sign Public Key=,,,
N,KLEIN_FTP.secure.PGP Sign Private Key=,,,
N,KLEIN_FTP.secure.PGP Sign Private key Password=,,,
Y,KLEIN_FTP.agentDefinition=,FD_OIC_CMN_VAN_AGENT,,
N,,,,
Y,KM_REST.connection.Connection Type=,FD_OIC_CMN_RESTURL,,
N,KM_REST.connection.TLS Version=,,,
Y,KM_REST.connection.Connection URL=,FD_OIC_KM_API_URL,,
N,KM_REST.connection.Enable two way SSL for outbound connections (Optional)=,,,
N,KM_REST.connection.Identity keystore alias name (Optional)=,,,
Y,KM_REST.secure.Username=,FD_OIC_KM_API_USER,,
Y,KM_REST.secure.Password=,FD_OIC_KM_API_PASS,,
N,KM_REST.agentDefinition=,,,
N,,,,
Y,LKUP_ORARP_SOAP.connection.WSDL URL=,FD_OIC_ORA_LKUP_URL,,
N,LKUP_ORARP_SOAP.connection.Service WSDL=,,,
N,LKUP_ORARP_SOAP.connection.Target Server's TLS version (Optional)=,,,
N,LKUP_ORARP_SOAP.connection.Suppress insertion of timestamp into the request (Optional)=,,,
N,LKUP_ORARP_SOAP.connection.Ignore timestamp in the response message (Optional)=,,,
N,LKUP_ORARP_SOAP.connection.Enable two way SSL for outbound connections (Optional)=,,,
N,LKUP_ORARP_SOAP.connection.Identity keystore alias name (Optional)=,,,
Y,LKUP_ORARP_SOAP.secure.Username=,FD_OIC_CMN_EKAA_USER,,
Y,LKUP_ORARP_SOAP.secure.Password=,FD_OIC_CMN_EKAA_PASS,,
N,LKUP_ORARP_SOAP.agentDefinition=,,,
N,,,,
Y,MAXIMO_CHL_COA_SOAP.connection.WSDL URL=,FD_OIC_MAX_CHL_COA_URL,,
N,MAXIMO_CHL_COA_SOAP.connection.Service WSDL=,,,
N,MAXIMO_CHL_COA_SOAP.connection.Target Server's TLS version (Optional)=,,,
N,MAXIMO_CHL_COA_SOAP.connection.Suppress insertion of timestamp into the request (Optional)=,,,
N,MAXIMO_CHL_COA_SOAP.connection.Ignore timestamp in the response message (Optional)=,,,
N,MAXIMO_CHL_COA_SOAP.connection.Enable two way SSL for outbound connections (Optional)=,,,
N,MAXIMO_CHL_COA_SOAP.connection.Identity keystore alias name (Optional)=,,,
Y,MAXIMO_CHL_COA_SOAP.agentDefinition=,FD_OIC_CMN_CHL_AGENT,,
N,,,,
Y,MAXIMO_CHL_FXR_SOAP.connection.WSDL URL=,FD_OIC_MAX_CHL_FXR_URL,,
N,MAXIMO_CHL_FXR_SOAP.connection.Service WSDL=,,,
N,MAXIMO_CHL_FXR_SOAP.connection.Target Server's TLS version (Optional)=,,,
N,MAXIMO_CHL_FXR_SOAP.connection.Suppress insertion of timestamp into the request (Optional)=,,,
N,MAXIMO_CHL_FXR_SOAP.connection.Ignore timestamp in the response message (Optional)=,,,
N,MAXIMO_CHL_FXR_SOAP.connection.Enable two way SSL for outbound connections (Optional)=,,,
N,MAXIMO_CHL_FXR_SOAP.connection.Identity keystore alias name (Optional)=,,,
Y,MAXIMO_CHL_FXR_SOAP.agentDefinition=,FD_OIC_CMN_CHL_AGENT,,
N,,,,
Y,MAXIMO_CHL_GLC_SOAP.connection.WSDL URL=,FD_OIC_MAX_CHL_GLC_URL,,
N,MAXIMO_CHL_GLC_SOAP.connection.Service WSDL=,,,
N,MAXIMO_CHL_GLC_SOAP.connection.Target Server's TLS version (Optional)=,,,
N,MAXIMO_CHL_GLC_SOAP.connection.Suppress insertion of timestamp into the request (Optional)=,,,
N,MAXIMO_CHL_GLC_SOAP.connection.Ignore timestamp in the response message (Optional)=,,,
N,MAXIMO_CHL_GLC_SOAP.connection.Enable two way SSL for outbound connections (Optional)=,,,
N,MAXIMO_CHL_GLC_SOAP.connection.Identity keystore alias name (Optional)=,,,
Y,MAXIMO_CHL_GLC_SOAP.agentDefinition=,FD_OIC_CMN_CHL_AGENT,,
N,,,,
Y,MAXIMO_CHL_INC_SOAP.connection.WSDL URL=,FD_OIC_MAX_CHL_INC_URL,,
N,MAXIMO_CHL_INC_SOAP.connection.Service WSDL=,,,
N,MAXIMO_CHL_INC_SOAP.connection.Target Server's TLS version (Optional)=,,,
N,MAXIMO_CHL_INC_SOAP.connection.Suppress insertion of timestamp into the request (Optional)=,,,
N,MAXIMO_CHL_INC_SOAP.connection.Ignore timestamp in the response message (Optional)=,,,
N,MAXIMO_CHL_INC_SOAP.connection.Enable two way SSL for outbound connections (Optional)=,,,
N,MAXIMO_CHL_INC_SOAP.connection.Identity keystore alias name (Optional)=,,,
Y,MAXIMO_CHL_INC_SOAP.agentDefinition=,FD_OIC_CMN_CHL_AGENT,,
N,,,,
Y,MAXIMO_CHL_INV_SOAP.connection.WSDL URL=,FD_OIC_MAX_CHL_INV_URL,,
N,MAXIMO_CHL_INV_SOAP.connection.Service WSDL=,,,
N,MAXIMO_CHL_INV_SOAP.connection.Target Server's TLS version (Optional)=,,,
N,MAXIMO_CHL_INV_SOAP.connection.Suppress insertion of timestamp into the request (Optional)=,,,
N,MAXIMO_CHL_INV_SOAP.connection.Ignore timestamp in the response message (Optional)=,,,
N,MAXIMO_CHL_INV_SOAP.connection.Enable two way SSL for outbound connections (Optional)=,,,
N,MAXIMO_CHL_INV_SOAP.connection.Identity keystore alias name (Optional)=,,,
Y,MAXIMO_CHL_INV_SOAP.agentDefinition=,FD_OIC_CMN_CHL_AGENT,,
N,,,,
Y,MAXIMO_CHL_JRL_CTL_SOAP.connection.WSDL URL=,FD_OIC_MAX_CHL_JRL_CTL_URL,,
N,MAXIMO_CHL_JRL_CTL_SOAP.connection.Service WSDL=,,,
N,MAXIMO_CHL_JRL_CTL_SOAP.connection.Target Server's TLS version (Optional)=,,,
N,MAXIMO_CHL_JRL_CTL_SOAP.connection.Suppress insertion of timestamp into the request (Optional)=,,,
N,MAXIMO_CHL_JRL_CTL_SOAP.connection.Ignore timestamp in the response message (Optional)=,,,
N,MAXIMO_CHL_JRL_CTL_SOAP.connection.Enable two way SSL for outbound connections (Optional)=,,,
N,MAXIMO_CHL_JRL_CTL_SOAP.connection.Identity keystore alias name (Optional)=,,,
Y,MAXIMO_CHL_JRL_CTL_SOAP.agentDefinition=,FD_OIC_CMN_CHL_AGENT,,
N,,,,
Y,MAXIMO_CHL_JRL_LN_SOAP.connection.WSDL URL=,FD_OIC_MAX_CHL_JRL_LN_URL,,
N,MAXIMO_CHL_JRL_LN_SOAP.connection.Service WSDL=,,,
N,MAXIMO_CHL_JRL_LN_SOAP.connection.Target Server's TLS version (Optional)=,,,
N,MAXIMO_CHL_JRL_LN_SOAP.connection.Suppress insertion of timestamp into the request (Optional)=,,,
N,MAXIMO_CHL_JRL_LN_SOAP.connection.Ignore timestamp in the response message (Optional)=,,,
N,MAXIMO_CHL_JRL_LN_SOAP.connection.Enable two way SSL for outbound connections (Optional)=,,,
N,MAXIMO_CHL_JRL_LN_SOAP.connection.Identity keystore alias name (Optional)=,,,
Y,MAXIMO_CHL_JRL_LN_SOAP.agentDefinition=,FD_OIC_CMN_CHL_AGENT,,
N,,,,
Y,MAXIMO_CHL_JRL_QRY_SOAP.connection.WSDL URL=,FD_OIC_MAX_CHL_JRL_QRY_URL,,
N,MAXIMO_CHL_JRL_QRY_SOAP.connection.Service WSDL=,,,
N,MAXIMO_CHL_JRL_QRY_SOAP.connection.Target Server's TLS version (Optional)=,,,
N,MAXIMO_CHL_JRL_QRY_SOAP.connection.Suppress insertion of timestamp into the request (Optional)=,,,
N,MAXIMO_CHL_JRL_QRY_SOAP.connection.Ignore timestamp in the response message (Optional)=,,,
N,MAXIMO_CHL_JRL_QRY_SOAP.connection.Enable two way SSL for outbound connections (Optional)=,,,
N,MAXIMO_CHL_JRL_QRY_SOAP.connection.Identity keystore alias name (Optional)=,,,
Y,MAXIMO_CHL_JRL_QRY_SOAP.agentDefinition=,FD_OIC_CMN_CHL_AGENT,,
N,,,,
Y,MAXIMO_CHL_VDR_SOAP.connection.WSDL URL=,FD_OIC_MAX_CHL_VDR_URL,,
N,MAXIMO_CHL_VDR_SOAP.connection.Service WSDL=,,,
N,MAXIMO_CHL_VDR_SOAP.connection.Target Server's TLS version (Optional)=,,,
N,MAXIMO_CHL_VDR_SOAP.connection.Suppress insertion of timestamp into the request (Optional)=,,,
N,MAXIMO_CHL_VDR_SOAP.connection.Ignore timestamp in the response message (Optional)=,,,
N,MAXIMO_CHL_VDR_SOAP.connection.Enable two way SSL for outbound connections (Optional)=,,,
N,MAXIMO_CHL_VDR_SOAP.connection.Identity keystore alias name (Optional)=,,,
Y,MAXIMO_CHL_VDR_SOAP.agentDefinition=,FD_OIC_CMN_CHL_AGENT,,
N,,,,
Y,MAXIMO_EGY_COA_SOAP.connection.WSDL URL=,FD_OIC_MAX_EGY_COA_URL,,
N,MAXIMO_EGY_COA_SOAP.connection.Service WSDL=,,,
N,MAXIMO_EGY_COA_SOAP.connection.Target Server's TLS version (Optional)=,,,
N,MAXIMO_EGY_COA_SOAP.connection.Suppress insertion of timestamp into the request (Optional)=,,,
N,MAXIMO_EGY_COA_SOAP.connection.Ignore timestamp in the response message (Optional)=,,,
N,MAXIMO_EGY_COA_SOAP.connection.Enable two way SSL for outbound connections (Optional)=,,,
N,MAXIMO_EGY_COA_SOAP.connection.Identity keystore alias name (Optional)=,,,
Y,MAXIMO_EGY_COA_SOAP.agentDefinition=,FD_OIC_CMN_EGY_AGENT,,
N,,,,
y,MAXIMO_EGY_FXR_SOAP.connection.WSDL URL=,FD_OIC_MAX_EGY_FXR_URL,,
N,MAXIMO_EGY_FXR_SOAP.connection.Service WSDL=,,,
N,MAXIMO_EGY_FXR_SOAP.connection.Target Server's TLS version (Optional)=,,,
N,MAXIMO_EGY_FXR_SOAP.connection.Suppress insertion of timestamp into the request (Optional)=,,,
N,MAXIMO_EGY_FXR_SOAP.connection.Ignore timestamp in the response message (Optional)=,,,
N,MAXIMO_EGY_FXR_SOAP.connection.Enable two way SSL for outbound connections (Optional)=,,,
N,MAXIMO_EGY_FXR_SOAP.connection.Identity keystore alias name (Optional)=,,,
Y,MAXIMO_EGY_FXR_SOAP.agentDefinition=,FD_OIC_CMN_EGY_AGENT,,
N,,,,
Y,MAXIMO_EGY_GLC_SOAP.connection.WSDL URL=,FD_OIC_MAX_EGY_GLC_URL,,
N,MAXIMO_EGY_GLC_SOAP.connection.Service WSDL=,,,
N,MAXIMO_EGY_GLC_SOAP.connection.Target Server's TLS version (Optional)=,,,
N,MAXIMO_EGY_GLC_SOAP.connection.Suppress insertion of timestamp into the request (Optional)=,,,
N,MAXIMO_EGY_GLC_SOAP.connection.Ignore timestamp in the response message (Optional)=,,,
N,MAXIMO_EGY_GLC_SOAP.connection.Enable two way SSL for outbound connections (Optional)=,,,
N,MAXIMO_EGY_GLC_SOAP.connection.Identity keystore alias name (Optional)=,,,
Y,MAXIMO_EGY_GLC_SOAP.agentDefinition=,FD_OIC_CMN_EGY_AGENT,,
N,,,,
Y,MAXIMO_EGY_INC_SOAP.connection.WSDL URL=,FD_OIC_MAX_EGY_INC_URL,,
N,MAXIMO_EGY_INC_SOAP.connection.Service WSDL=,,,
N,MAXIMO_EGY_INC_SOAP.connection.Target Server's TLS version (Optional)=,,,
N,MAXIMO_EGY_INC_SOAP.connection.Suppress insertion of timestamp into the request (Optional)=,,,
N,MAXIMO_EGY_INC_SOAP.connection.Ignore timestamp in the response message (Optional)=,,,
N,MAXIMO_EGY_INC_SOAP.connection.Enable two way SSL for outbound connections (Optional)=,,,
N,MAXIMO_EGY_INC_SOAP.connection.Identity keystore alias name (Optional)=,,,
Y,MAXIMO_EGY_INC_SOAP.agentDefinition=,FD_OIC_CMN_EGY_AGENT,,
N,,,,
Y,MAXIMO_EGY_INV_SOAP.connection.WSDL URL=,FD_OIC_MAX_EGY_INV_URL,,
N,MAXIMO_EGY_INV_SOAP.connection.Service WSDL=,,,
N,MAXIMO_EGY_INV_SOAP.connection.Target Server's TLS version (Optional)=,,,
N,MAXIMO_EGY_INV_SOAP.connection.Suppress insertion of timestamp into the request (Optional)=,,,
N,MAXIMO_EGY_INV_SOAP.connection.Ignore timestamp in the response message (Optional)=,,,
N,MAXIMO_EGY_INV_SOAP.connection.Enable two way SSL for outbound connections (Optional)=,,,
N,MAXIMO_EGY_INV_SOAP.connection.Identity keystore alias name (Optional)=,,,
Y,MAXIMO_EGY_INV_SOAP.agentDefinition=,FD_OIC_CMN_EGY_AGENT,,
N,,,,
Y,MAXIMO_EGY_JRL_CTL_SOAP.connection.WSDL URL=,FD_OIC_MAX_EGY_JRL_CTL_URL,,
N,MAXIMO_EGY_JRL_CTL_SOAP.connection.Service WSDL=,,,
N,MAXIMO_EGY_JRL_CTL_SOAP.connection.Target Server's TLS version (Optional)=,,,
N,MAXIMO_EGY_JRL_CTL_SOAP.connection.Suppress insertion of timestamp into the request (Optional)=,,,
N,MAXIMO_EGY_JRL_CTL_SOAP.connection.Ignore timestamp in the response message (Optional)=,,,
N,MAXIMO_EGY_JRL_CTL_SOAP.connection.Enable two way SSL for outbound connections (Optional)=,,,
N,MAXIMO_EGY_JRL_CTL_SOAP.connection.Identity keystore alias name (Optional)=,,,
Y,MAXIMO_EGY_JRL_CTL_SOAP.agentDefinition=,FD_OIC_CMN_EGY_AGENT,,
N,,,,
Y,MAXIMO_EGY_JRL_LN_SOAP.connection.WSDL URL=,FD_OIC_MAX_EGY_JRL_LN_URL,,
N,MAXIMO_EGY_JRL_LN_SOAP.connection.Service WSDL=,,,
N,MAXIMO_EGY_JRL_LN_SOAP.connection.Target Server's TLS version (Optional)=,,,
N,MAXIMO_EGY_JRL_LN_SOAP.connection.Suppress insertion of timestamp into the request (Optional)=,,,
N,MAXIMO_EGY_JRL_LN_SOAP.connection.Ignore timestamp in the response message (Optional)=,,,
N,MAXIMO_EGY_JRL_LN_SOAP.connection.Enable two way SSL for outbound connections (Optional)=,,,
N,MAXIMO_EGY_JRL_LN_SOAP.connection.Identity keystore alias name (Optional)=,,,
Y,MAXIMO_EGY_JRL_LN_SOAP.agentDefinition=,FD_OIC_CMN_EGY_AGENT,,
N,,,,
Y,MAXIMO_EGY_JRL_QRY_SOAP.connection.WSDL URL=,FD_OIC_MAX_EGY_JRL_QRY_URL,,
N,MAXIMO_EGY_JRL_QRY_SOAP.connection.Service WSDL=,,,
N,MAXIMO_EGY_JRL_QRY_SOAP.connection.Target Server's TLS version (Optional)=,,,
N,MAXIMO_EGY_JRL_QRY_SOAP.connection.Suppress insertion of timestamp into the request (Optional)=,,,
N,MAXIMO_EGY_JRL_QRY_SOAP.connection.Ignore timestamp in the response message (Optional)=,,,
N,MAXIMO_EGY_JRL_QRY_SOAP.connection.Enable two way SSL for outbound connections (Optional)=,,,
N,MAXIMO_EGY_JRL_QRY_SOAP.connection.Identity keystore alias name (Optional)=,,,
Y,MAXIMO_EGY_JRL_QRY_SOAP.agentDefinition=,FD_OIC_CMN_EGY_AGENT,,
N,,,,
Y,MAXIMO_EGY_VDR_SOAP.connection.WSDL URL=,FD_OIC_MAX_EGY_VDR_URL,,
N,MAXIMO_EGY_VDR_SOAP.connection.Service WSDL=,,,
N,MAXIMO_EGY_VDR_SOAP.connection.Target Server's TLS version (Optional)=,,,
N,MAXIMO_EGY_VDR_SOAP.connection.Suppress insertion of timestamp into the request (Optional)=,,,
N,MAXIMO_EGY_VDR_SOAP.connection.Ignore timestamp in the response message (Optional)=,,,
N,MAXIMO_EGY_VDR_SOAP.connection.Enable two way SSL for outbound connections (Optional)=,,,
N,MAXIMO_EGY_VDR_SOAP.connection.Identity keystore alias name (Optional)=,,,
Y,MAXIMO_EGY_VDR_SOAP.agentDefinition=,FD_OIC_CMN_EGY_AGENT,,
N,,,,
Y,MAXIMO_GEI_COA_SOAP.connection.WSDL URL=,FD_OIC_MAX_GEI_COA_URL,,
N,MAXIMO_GEI_COA_SOAP.connection.Service WSDL=,,,
N,MAXIMO_GEI_COA_SOAP.connection.Target Server's TLS version (Optional)=,,,
N,MAXIMO_GEI_COA_SOAP.connection.Suppress insertion of timestamp into the request (Optional)=,,,
N,MAXIMO_GEI_COA_SOAP.connection.Ignore timestamp in the response message (Optional)=,,,
N,MAXIMO_GEI_COA_SOAP.connection.Enable two way SSL for outbound connections (Optional)=,,,
N,MAXIMO_GEI_COA_SOAP.connection.Identity keystore alias name (Optional)=,,,
Y,MAXIMO_GEI_COA_SOAP.secure.Username=,FD_OIC_MAX_PROD_USER,,
Y,MAXIMO_GEI_COA_SOAP.secure.Password=,FD_OIC_MAX_PROD_PASS,,
Y,MAXIMO_GEI_COA_SOAP.agentDefinition=,FD_OIC_CMN_VAN_AGENT,,
N,,,,
Y,MAXIMO_GEI_FXR_SOAP.connection.WSDL URL=,FD_OIC_MAX_GEI_FXR_URL,,
N,MAXIMO_GEI_FXR_SOAP.connection.Service WSDL=,,,
N,MAXIMO_GEI_FXR_SOAP.connection.Target Server's TLS version (Optional)=,,,
N,MAXIMO_GEI_FXR_SOAP.connection.Suppress insertion of timestamp into the request (Optional)=,,,
N,MAXIMO_GEI_FXR_SOAP.connection.Ignore timestamp in the response message (Optional)=,,,
N,MAXIMO_GEI_FXR_SOAP.connection.Enable two way SSL for outbound connections (Optional)=,,,
N,MAXIMO_GEI_FXR_SOAP.connection.Identity keystore alias name (Optional)=,,,
Y,MAXIMO_GEI_FXR_SOAP.secure.Username=,FD_OIC_MAX_PROD_USER,,
Y,MAXIMO_GEI_FXR_SOAP.secure.Password=,FD_OIC_MAX_PROD_PASS,,
Y,MAXIMO_GEI_FXR_SOAP.agentDefinition=,FD_OIC_CMN_VAN_AGENT,,
N,,,,
Y,MAXIMO_GEI_GLC_SOAP.connection.WSDL URL=,FD_OIC_MAX_GEI_GLC_URL,,
N,MAXIMO_GEI_GLC_SOAP.connection.Service WSDL=,,,
N,MAXIMO_GEI_GLC_SOAP.connection.Target Server's TLS version (Optional)=,,,
N,MAXIMO_GEI_GLC_SOAP.connection.Suppress insertion of timestamp into the request (Optional)=,,,
N,MAXIMO_GEI_GLC_SOAP.connection.Ignore timestamp in the response message (Optional)=,,,
N,MAXIMO_GEI_GLC_SOAP.connection.Enable two way SSL for outbound connections (Optional)=,,,
N,MAXIMO_GEI_GLC_SOAP.connection.Identity keystore alias name (Optional)=,,,
Y,MAXIMO_GEI_GLC_SOAP.secure.Username=,FD_OIC_MAX_PROD_USER,,
Y,MAXIMO_GEI_GLC_SOAP.secure.Password=,FD_OIC_MAX_PROD_PASS,,
Y,MAXIMO_GEI_GLC_SOAP.agentDefinition=,FD_OIC_CMN_VAN_AGENT,,
N,,,,
Y,MAXIMO_GEI_INC_SOAP.connection.WSDL URL=,FD_OIC_MAX_GEI_INC_URL,,
N,MAXIMO_GEI_INC_SOAP.connection.Service WSDL=,,,
N,MAXIMO_GEI_INC_SOAP.connection.Target Server's TLS version (Optional)=,,,
N,MAXIMO_GEI_INC_SOAP.connection.Suppress insertion of timestamp into the request (Optional)=,,,
N,MAXIMO_GEI_INC_SOAP.connection.Ignore timestamp in the response message (Optional)=,,,
N,MAXIMO_GEI_INC_SOAP.connection.Enable two way SSL for outbound connections (Optional)=,,,
N,MAXIMO_GEI_INC_SOAP.connection.Identity keystore alias name (Optional)=,,,
Y,MAXIMO_GEI_INC_SOAP.secure.Username=,FD_OIC_MAX_PROD_USER,,
Y,MAXIMO_GEI_INC_SOAP.secure.Password=,FD_OIC_MAX_PROD_PASS,,
Y,MAXIMO_GEI_INC_SOAP.agentDefinition=,FD_OIC_CMN_VAN_AGENT,,
N,,,,
Y,MAXIMO_GEI_INV_SOAP.connection.WSDL URL=,FD_OIC_MAX_GEI_INV_URL,,
N,MAXIMO_GEI_INV_SOAP.connection.Service WSDL=,,,
N,MAXIMO_GEI_INV_SOAP.connection.Target Server's TLS version (Optional)=,,,
N,MAXIMO_GEI_INV_SOAP.connection.Suppress insertion of timestamp into the request (Optional)=,,,
N,MAXIMO_GEI_INV_SOAP.connection.Ignore timestamp in the response message (Optional)=,,,
N,MAXIMO_GEI_INV_SOAP.connection.Enable two way SSL for outbound connections (Optional)=,,,
N,MAXIMO_GEI_INV_SOAP.connection.Identity keystore alias name (Optional)=,,,
Y,MAXIMO_GEI_INV_SOAP.secure.Username=,FD_OIC_MAX_PROD_USER,,
Y,MAXIMO_GEI_INV_SOAP.secure.Password=,FD_OIC_MAX_PROD_PASS,,
Y,MAXIMO_GEI_INV_SOAP.agentDefinition=,FD_OIC_CMN_VAN_AGENT,,
N,,,,
Y,MAXIMO_GEI_JRL_CTL_SOAP.connection.WSDL URL=,FD_OIC_MAX_GEI_JRL_CTL_URL,,
N,MAXIMO_GEI_JRL_CTL_SOAP.connection.Service WSDL=,,,
N,MAXIMO_GEI_JRL_CTL_SOAP.connection.Target Server's TLS version (Optional)=,,,
N,MAXIMO_GEI_JRL_CTL_SOAP.connection.Suppress insertion of timestamp into the request (Optional)=,,,
N,MAXIMO_GEI_JRL_CTL_SOAP.connection.Ignore timestamp in the response message (Optional)=,,,
N,MAXIMO_GEI_JRL_CTL_SOAP.connection.Enable two way SSL for outbound connections (Optional)=,,,
N,MAXIMO_GEI_JRL_CTL_SOAP.connection.Identity keystore alias name (Optional)=,,,
Y,MAXIMO_GEI_JRL_CTL_SOAP.secure.Username=,FD_OIC_MAX_PROD_USER,,
Y,MAXIMO_GEI_JRL_CTL_SOAP.secure.Password=,FD_OIC_MAX_PROD_PASS,,
Y,MAXIMO_GEI_JRL_CTL_SOAP.agentDefinition=,FD_OIC_CMN_VAN_AGENT,,
N,,,,
Y,MAXIMO_GEI_JRL_LN_SOAP.connection.WSDL URL=,FD_OIC_MAX_GEI_JRL_LN_URL,,
N,MAXIMO_GEI_JRL_LN_SOAP.connection.Service WSDL=,,,
N,MAXIMO_GEI_JRL_LN_SOAP.connection.Target Server's TLS version (Optional)=,,,
N,MAXIMO_GEI_JRL_LN_SOAP.connection.Suppress insertion of timestamp into the request (Optional)=,,,
N,MAXIMO_GEI_JRL_LN_SOAP.connection.Ignore timestamp in the response message (Optional)=,,,
N,MAXIMO_GEI_JRL_LN_SOAP.connection.Enable two way SSL for outbound connections (Optional)=,,,
N,MAXIMO_GEI_JRL_LN_SOAP.connection.Identity keystore alias name (Optional)=,,,
Y,MAXIMO_GEI_JRL_LN_SOAP.secure.Username=,FD_OIC_MAX_PROD_USER,,
Y,MAXIMO_GEI_JRL_LN_SOAP.secure.Password=,FD_OIC_MAX_PROD_PASS,,
Y,MAXIMO_GEI_JRL_LN_SOAP.agentDefinition=,FD_OIC_CMN_VAN_AGENT,,
N,,,,
Y,MAXIMO_GEI_JRL_QRY_SOAP.connection.WSDL URL=,FD_OIC_MAX_GEI_JRL_QRY_URL,,
N,MAXIMO_GEI_JRL_QRY_SOAP.connection.Service WSDL=,,,
N,MAXIMO_GEI_JRL_QRY_SOAP.connection.Target Server's TLS version (Optional)=,,,
N,MAXIMO_GEI_JRL_QRY_SOAP.connection.Suppress insertion of timestamp into the request (Optional)=,,,
N,MAXIMO_GEI_JRL_QRY_SOAP.connection.Ignore timestamp in the response message (Optional)=,,,
N,MAXIMO_GEI_JRL_QRY_SOAP.connection.Enable two way SSL for outbound connections (Optional)=,,,
N,MAXIMO_GEI_JRL_QRY_SOAP.connection.Identity keystore alias name (Optional)=,,,
Y,MAXIMO_GEI_JRL_QRY_SOAP.secure.Username=,FD_OIC_MAX_PROD_USER,,
Y,MAXIMO_GEI_JRL_QRY_SOAP.secure.Password=,FD_OIC_MAX_PROD_PASS,,
Y,MAXIMO_GEI_JRL_QRY_SOAP.agentDefinition=,FD_OIC_CMN_VAN_AGENT,,
N,,,,
Y,MAXIMO_GEI_VDR_SOAP.connection.WSDL URL=,FD_OIC_MAX_GEI_VDR_URL,,
N,MAXIMO_GEI_VDR_SOAP.connection.Service WSDL=,,,
N,MAXIMO_GEI_VDR_SOAP.connection.Target Server's TLS version (Optional)=,,,
N,MAXIMO_GEI_VDR_SOAP.connection.Suppress insertion of timestamp into the request (Optional)=,,,
N,MAXIMO_GEI_VDR_SOAP.connection.Ignore timestamp in the response message (Optional)=,,,
N,MAXIMO_GEI_VDR_SOAP.connection.Enable two way SSL for outbound connections (Optional)=,,,
N,MAXIMO_GEI_VDR_SOAP.connection.Identity keystore alias name (Optional)=,,,
Y,MAXIMO_GEI_VDR_SOAP.secure.Username=,FD_OIC_MAX_PROD_USER,,
Y,MAXIMO_GEI_VDR_SOAP.secure.Password=,FD_OIC_MAX_PROD_PASS,,
Y,MAXIMO_GEI_VDR_SOAP.agentDefinition=,FD_OIC_CMN_VAN_AGENT,,
N,,,,
Y,MAXIMO_MHT_COA_SOAP.connection.WSDL URL=,FD_OIC_MAX_MHT_COA_URL,,
N,MAXIMO_MHT_COA_SOAP.connection.Service WSDL=,,,
N,MAXIMO_MHT_COA_SOAP.connection.Target Server's TLS version (Optional)=,,,
N,MAXIMO_MHT_COA_SOAP.connection.Suppress insertion of timestamp into the request (Optional)=,,,
N,MAXIMO_MHT_COA_SOAP.connection.Ignore timestamp in the response message (Optional)=,,,
N,MAXIMO_MHT_COA_SOAP.connection.Enable two way SSL for outbound connections (Optional)=,,,
N,MAXIMO_MHT_COA_SOAP.connection.Identity keystore alias name (Optional)=,,,
Y,MAXIMO_MHT_COA_SOAP.secure.Username=,FD_OIC_MAX_PROD_USER,,
Y,MAXIMO_MHT_COA_SOAP.secure.Password=,FD_OIC_MAX_PROD_PASS,,
Y,MAXIMO_MHT_COA_SOAP.agentDefinition=,FD_OIC_CMN_VAN_AGENT,,
N,,,,
Y,MAXIMO_MHT_FXR_SOAP.connection.WSDL URL=,FD_OIC_MAX_MHT_FXR_URL,,
N,MAXIMO_MHT_FXR_SOAP.connection.Service WSDL=,,,
N,MAXIMO_MHT_FXR_SOAP.connection.Target Server's TLS version (Optional)=,,,
N,MAXIMO_MHT_FXR_SOAP.connection.Suppress insertion of timestamp into the request (Optional)=,,,
N,MAXIMO_MHT_FXR_SOAP.connection.Ignore timestamp in the response message (Optional)=,,,
N,MAXIMO_MHT_FXR_SOAP.connection.Enable two way SSL for outbound connections (Optional)=,,,
N,MAXIMO_MHT_FXR_SOAP.connection.Identity keystore alias name (Optional)=,,,
Y,MAXIMO_MHT_FXR_SOAP.secure.Username=,FD_OIC_MAX_PROD_USER,,
Y,MAXIMO_MHT_FXR_SOAP.secure.Password=,FD_OIC_MAX_PROD_PASS,,
Y,MAXIMO_MHT_FXR_SOAP.agentDefinition=,FD_OIC_CMN_VAN_AGENT,,
N,,,,
Y,MAXIMO_MHT_GLC_SOAP.connection.WSDL URL=,FD_OIC_MAX_MHT_GLC_URL,,
N,MAXIMO_MHT_GLC_SOAP.connection.Service WSDL=,,,
N,MAXIMO_MHT_GLC_SOAP.connection.Target Server's TLS version (Optional)=,,,
N,MAXIMO_MHT_GLC_SOAP.connection.Suppress insertion of timestamp into the request (Optional)=,,,
N,MAXIMO_MHT_GLC_SOAP.connection.Ignore timestamp in the response message (Optional)=,,,
N,MAXIMO_MHT_GLC_SOAP.connection.Enable two way SSL for outbound connections (Optional)=,,,
N,MAXIMO_MHT_GLC_SOAP.connection.Identity keystore alias name (Optional)=,,,
Y,MAXIMO_MHT_GLC_SOAP.secure.Username=,FD_OIC_MAX_PROD_USER,,
Y,MAXIMO_MHT_GLC_SOAP.secure.Password=,FD_OIC_MAX_PROD_PASS,,
Y,MAXIMO_MHT_GLC_SOAP.agentDefinition=,FD_OIC_CMN_VAN_AGENT,,
N,,,,
Y,MAXIMO_MHT_INC_SOAP.connection.WSDL URL=,FD_OIC_MAX_MHT_INC_URL,,
N,MAXIMO_MHT_INC_SOAP.connection.Service WSDL=,,,
N,MAXIMO_MHT_INC_SOAP.connection.Target Server's TLS version (Optional)=,,,
N,MAXIMO_MHT_INC_SOAP.connection.Suppress insertion of timestamp into the request (Optional)=,,,
N,MAXIMO_MHT_INC_SOAP.connection.Ignore timestamp in the response message (Optional)=,,,
N,MAXIMO_MHT_INC_SOAP.connection.Enable two way SSL for outbound connections (Optional)=,,,
N,MAXIMO_MHT_INC_SOAP.connection.Identity keystore alias name (Optional)=,,,
Y,MAXIMO_MHT_INC_SOAP.secure.Username=,FD_OIC_MAX_PROD_USER,,
Y,MAXIMO_MHT_INC_SOAP.secure.Password=,FD_OIC_MAX_PROD_PASS,,
Y,MAXIMO_MHT_INC_SOAP.agentDefinition=,FD_OIC_CMN_VAN_AGENT,,
N,,,,
Y,MAXIMO_MHT_INV_SOAP.connection.WSDL URL=,FD_OIC_MAX_MHT_INV_URL,,
N,MAXIMO_MHT_INV_SOAP.connection.Service WSDL=,,,
N,MAXIMO_MHT_INV_SOAP.connection.Target Server's TLS version (Optional)=,,,
N,MAXIMO_MHT_INV_SOAP.connection.Suppress insertion of timestamp into the request (Optional)=,,,
N,MAXIMO_MHT_INV_SOAP.connection.Ignore timestamp in the response message (Optional)=,,,
N,MAXIMO_MHT_INV_SOAP.connection.Enable two way SSL for outbound connections (Optional)=,,,
N,MAXIMO_MHT_INV_SOAP.connection.Identity keystore alias name (Optional)=,,,
Y,MAXIMO_MHT_INV_SOAP.secure.Username=,FD_OIC_MAX_PROD_USER,,
Y,MAXIMO_MHT_INV_SOAP.secure.Password=,FD_OIC_MAX_PROD_PASS,,
Y,MAXIMO_MHT_INV_SOAP.agentDefinition=,FD_OIC_CMN_VAN_AGENT,,
N,,,,
Y,MAXIMO_MHT_JRL_CTL_SOAP.connection.WSDL URL=,FD_OIC_MAX_MHT_JRL_CTL_URL,,
N,MAXIMO_MHT_JRL_CTL_SOAP.connection.Service WSDL=,,,
N,MAXIMO_MHT_JRL_CTL_SOAP.connection.Target Server's TLS version (Optional)=,,,
N,MAXIMO_MHT_JRL_CTL_SOAP.connection.Suppress insertion of timestamp into the request (Optional)=,,,
N,MAXIMO_MHT_JRL_CTL_SOAP.connection.Ignore timestamp in the response message (Optional)=,,,
N,MAXIMO_MHT_JRL_CTL_SOAP.connection.Enable two way SSL for outbound connections (Optional)=,,,
N,MAXIMO_MHT_JRL_CTL_SOAP.connection.Identity keystore alias name (Optional)=,,,
Y,MAXIMO_MHT_JRL_CTL_SOAP.secure.Username=,FD_OIC_MAX_PROD_USER,,
Y,MAXIMO_MHT_JRL_CTL_SOAP.secure.Password=,FD_OIC_MAX_PROD_PASS,,
Y,MAXIMO_MHT_JRL_CTL_SOAP.agentDefinition=,FD_OIC_CMN_VAN_AGENT,,
N,,,,
Y,MAXIMO_MHT_JRL_LN_SOAP.connection.WSDL URL=,FD_OIC_MAX_MHT_JRL_LN_URL,,
N,MAXIMO_MHT_JRL_LN_SOAP.connection.Service WSDL=,,,
N,MAXIMO_MHT_JRL_LN_SOAP.connection.Target Server's TLS version (Optional)=,,,
N,MAXIMO_MHT_JRL_LN_SOAP.connection.Suppress insertion of timestamp into the request (Optional)=,,,
N,MAXIMO_MHT_JRL_LN_SOAP.connection.Ignore timestamp in the response message (Optional)=,,,
N,MAXIMO_MHT_JRL_LN_SOAP.connection.Enable two way SSL for outbound connections (Optional)=,,,
N,MAXIMO_MHT_JRL_LN_SOAP.connection.Identity keystore alias name (Optional)=,,,
Y,MAXIMO_MHT_JRL_LN_SOAP.secure.Username=,FD_OIC_MAX_PROD_USER,,
Y,MAXIMO_MHT_JRL_LN_SOAP.secure.Password=,FD_OIC_MAX_PROD_PASS,,
Y,MAXIMO_MHT_JRL_LN_SOAP.agentDefinition=,FD_OIC_CMN_VAN_AGENT,,
N,,,,
Y,MAXIMO_MHT_JRL_QRY_SOAP.connection.WSDL URL=,FD_OIC_MAX_MHT_JRL_QRY_URL,,
N,MAXIMO_MHT_JRL_QRY_SOAP.connection.Service WSDL=,,,
N,MAXIMO_MHT_JRL_QRY_SOAP.connection.Target Server's TLS version (Optional)=,,,
N,MAXIMO_MHT_JRL_QRY_SOAP.connection.Suppress insertion of timestamp into the request (Optional)=,,,
N,MAXIMO_MHT_JRL_QRY_SOAP.connection.Ignore timestamp in the response message (Optional)=,,,
N,MAXIMO_MHT_JRL_QRY_SOAP.connection.Enable two way SSL for outbound connections (Optional)=,,,
N,MAXIMO_MHT_JRL_QRY_SOAP.connection.Identity keystore alias name (Optional)=,,,
Y,MAXIMO_MHT_JRL_QRY_SOAP.secure.Username=,FD_OIC_MAX_PROD_USER,,
Y,MAXIMO_MHT_JRL_QRY_SOAP.secure.Password=,FD_OIC_MAX_PROD_PASS,,
Y,MAXIMO_MHT_JRL_QRY_SOAP.agentDefinition=,FD_OIC_CMN_VAN_AGENT,,
N,,,,
Y,MAXIMO_MHT_VDR_SOAP.connection.WSDL URL=,FD_OIC_MAX_MHT_VDR_URL,,
N,MAXIMO_MHT_VDR_SOAP.connection.Service WSDL=,,,
N,MAXIMO_MHT_VDR_SOAP.connection.Target Server's TLS version (Optional)=,,,
N,MAXIMO_MHT_VDR_SOAP.connection.Suppress insertion of timestamp into the request (Optional)=,,,
N,MAXIMO_MHT_VDR_SOAP.connection.Ignore timestamp in the response message (Optional)=,,,
N,MAXIMO_MHT_VDR_SOAP.connection.Enable two way SSL for outbound connections (Optional)=,,,
N,MAXIMO_MHT_VDR_SOAP.connection.Identity keystore alias name (Optional)=,,,
Y,MAXIMO_MHT_VDR_SOAP.secure.Username=,FD_OIC_MAX_PROD_USER,,
Y,MAXIMO_MHT_VDR_SOAP.secure.Password=,FD_OIC_MAX_PROD_PASS,,
Y,MAXIMO_MHT_VDR_SOAP.agentDefinition=,FD_OIC_CMN_VAN_AGENT,,
N,,,,
Y,MAXIMO_NZL_COA_SOAP.connection.WSDL URL=,FD_OIC_MAX_NZL_COA_URL,,
N,MAXIMO_NZL_COA_SOAP.connection.Service WSDL=,,,
N,MAXIMO_NZL_COA_SOAP.connection.Target Server's TLS version (Optional)=,,,
N,MAXIMO_NZL_COA_SOAP.connection.Suppress insertion of timestamp into the request (Optional)=,,,
N,MAXIMO_NZL_COA_SOAP.connection.Ignore timestamp in the response message (Optional)=,,,
N,MAXIMO_NZL_COA_SOAP.connection.Enable two way SSL for outbound connections (Optional)=,,,
N,MAXIMO_NZL_COA_SOAP.connection.Identity keystore alias name (Optional)=,,,
Y,MAXIMO_NZL_COA_SOAP.secure.Username=,FD_OIC_CMN_MAX_USER,,
Y,MAXIMO_NZL_COA_SOAP.secure.Password=,FD_OIC_CMN_MAX_PASS,,
Y,MAXIMO_NZL_COA_SOAP.agentDefinition=,FD_OIC_CMN_NZL_AGENT,,
N,,,,
Y,MAXIMO_NZL_FXR_SOAP.connection.WSDL URL=,FD_OIC_MAX_NZL_FXR_URL,,
N,MAXIMO_NZL_FXR_SOAP.connection.Service WSDL=,,,
N,MAXIMO_NZL_FXR_SOAP.connection.Target Server's TLS version (Optional)=,,,
N,MAXIMO_NZL_FXR_SOAP.connection.Suppress insertion of timestamp into the request (Optional)=,,,
N,MAXIMO_NZL_FXR_SOAP.connection.Ignore timestamp in the response message (Optional)=,,,
N,MAXIMO_NZL_FXR_SOAP.connection.Enable two way SSL for outbound connections (Optional)=,,,
N,MAXIMO_NZL_FXR_SOAP.connection.Identity keystore alias name (Optional)=,,,
Y,MAXIMO_NZL_FXR_SOAP.secure.Username=,FD_OIC_CMN_MAX_USER,,
Y,MAXIMO_NZL_FXR_SOAP.secure.Password=,FD_OIC_CMN_MAX_PASS,,
Y,MAXIMO_NZL_FXR_SOAP.agentDefinition=,FD_OIC_CMN_NZL_AGENT,,
N,,,,
Y,MAXIMO_NZL_GLC_SOAP.connection.WSDL URL=,FD_OIC_MAX_NZL_GLC_URL,,
N,MAXIMO_NZL_GLC_SOAP.connection.Service WSDL=,,,
N,MAXIMO_NZL_GLC_SOAP.connection.Target Server's TLS version (Optional)=,,,
N,MAXIMO_NZL_GLC_SOAP.connection.Suppress insertion of timestamp into the request (Optional)=,,,
N,MAXIMO_NZL_GLC_SOAP.connection.Ignore timestamp in the response message (Optional)=,,,
N,MAXIMO_NZL_GLC_SOAP.connection.Enable two way SSL for outbound connections (Optional)=,,,
N,MAXIMO_NZL_GLC_SOAP.connection.Identity keystore alias name (Optional)=,,,
Y,MAXIMO_NZL_GLC_SOAP.secure.Username=,FD_OIC_CMN_MAX_USER,,
Y,MAXIMO_NZL_GLC_SOAP.secure.Password=,FD_OIC_CMN_MAX_PASS,,
Y,MAXIMO_NZL_GLC_SOAP.agentDefinition=,FD_OIC_CMN_NZL_AGENT,,
N,,,,
Y,MAXIMO_NZL_INC_SOAP.connection.WSDL URL=,FD_OIC_MAX_NZL_INC_URL,,
N,MAXIMO_NZL_INC_SOAP.connection.Service WSDL=,,,
N,MAXIMO_NZL_INC_SOAP.connection.Target Server's TLS version (Optional)=,,,
N,MAXIMO_NZL_INC_SOAP.connection.Suppress insertion of timestamp into the request (Optional)=,,,
N,MAXIMO_NZL_INC_SOAP.connection.Ignore timestamp in the response message (Optional)=,,,
N,MAXIMO_NZL_INC_SOAP.connection.Enable two way SSL for outbound connections (Optional)=,,,
N,MAXIMO_NZL_INC_SOAP.connection.Identity keystore alias name (Optional)=,,,
Y,MAXIMO_NZL_INC_SOAP.secure.Username=,FD_OIC_CMN_MAX_USER,,
Y,MAXIMO_NZL_INC_SOAP.secure.Password=,FD_OIC_CMN_MAX_PASS,,
Y,MAXIMO_NZL_INC_SOAP.agentDefinition=,FD_OIC_CMN_NZL_AGENT,,
N,,,,
Y,MAXIMO_NZL_INV_SOAP.connection.WSDL URL=,FD_OIC_MAX_NZL_INV_URL,,
N,MAXIMO_NZL_INV_SOAP.connection.Service WSDL=,,,
N,MAXIMO_NZL_INV_SOAP.connection.Target Server's TLS version (Optional)=,,,
N,MAXIMO_NZL_INV_SOAP.connection.Suppress insertion of timestamp into the request (Optional)=,,,
N,MAXIMO_NZL_INV_SOAP.connection.Ignore timestamp in the response message (Optional)=,,,
N,MAXIMO_NZL_INV_SOAP.connection.Enable two way SSL for outbound connections (Optional)=,,,
N,MAXIMO_NZL_INV_SOAP.connection.Identity keystore alias name (Optional)=,,,
Y,MAXIMO_NZL_INV_SOAP.secure.Username=,FD_OIC_CMN_MAX_USER,,
Y,MAXIMO_NZL_INV_SOAP.secure.Password=,FD_OIC_CMN_MAX_PASS,,
Y,MAXIMO_NZL_INV_SOAP.agentDefinition=,FD_OIC_CMN_NZL_AGENT,,
N,,,,
Y,MAXIMO_NZL_JRL_CTL_SOAP.connection.WSDL URL=,FD_OIC_MAX_NZL_JRL_CTL_URL,,
N,MAXIMO_NZL_JRL_CTL_SOAP.connection.Service WSDL=,,,
N,MAXIMO_NZL_JRL_CTL_SOAP.connection.Target Server's TLS version (Optional)=,,,
N,MAXIMO_NZL_JRL_CTL_SOAP.connection.Suppress insertion of timestamp into the request (Optional)=,,,
N,MAXIMO_NZL_JRL_CTL_SOAP.connection.Ignore timestamp in the response message (Optional)=,,,
N,MAXIMO_NZL_JRL_CTL_SOAP.connection.Enable two way SSL for outbound connections (Optional)=,,,
N,MAXIMO_NZL_JRL_CTL_SOAP.connection.Identity keystore alias name (Optional)=,,,
Y,MAXIMO_NZL_JRL_CTL_SOAP.secure.Username=,FD_OIC_CMN_MAX_USER,,
Y,MAXIMO_NZL_JRL_CTL_SOAP.secure.Password=,FD_OIC_CMN_MAX_PASS,,
Y,MAXIMO_NZL_JRL_CTL_SOAP.agentDefinition=,FD_OIC_CMN_NZL_AGENT,,
N,,,,
Y,MAXIMO_NZL_JRL_LN_SOAP.connection.WSDL URL=,FD_OIC_MAX_NZL_JRL_LN_URL,,
N,MAXIMO_NZL_JRL_LN_SOAP.connection.Service WSDL=,,,
N,MAXIMO_NZL_JRL_LN_SOAP.connection.Target Server's TLS version (Optional)=,,,
N,MAXIMO_NZL_JRL_LN_SOAP.connection.Suppress insertion of timestamp into the request (Optional)=,,,
N,MAXIMO_NZL_JRL_LN_SOAP.connection.Ignore timestamp in the response message (Optional)=,,,
N,MAXIMO_NZL_JRL_LN_SOAP.connection.Enable two way SSL for outbound connections (Optional)=,,,
N,MAXIMO_NZL_JRL_LN_SOAP.connection.Identity keystore alias name (Optional)=,,,
Y,MAXIMO_NZL_JRL_LN_SOAP.secure.Username=,FD_OIC_CMN_MAX_USER,,
Y,MAXIMO_NZL_JRL_LN_SOAP.secure.Password=,FD_OIC_CMN_MAX_PASS,,
Y,MAXIMO_NZL_JRL_LN_SOAP.agentDefinition=,FD_OIC_CMN_NZL_AGENT,,
N,,,,
Y,MAXIMO_NZL_JRL_QRY_SOAP.connection.WSDL URL=,FD_OIC_MAX_NZL_JRL_QRY_URL,,
N,MAXIMO_NZL_JRL_QRY_SOAP.connection.Service WSDL=,,,
N,MAXIMO_NZL_JRL_QRY_SOAP.connection.Target Server's TLS version (Optional)=,,,
N,MAXIMO_NZL_JRL_QRY_SOAP.connection.Suppress insertion of timestamp into the request (Optional)=,,,
N,MAXIMO_NZL_JRL_QRY_SOAP.connection.Ignore timestamp in the response message (Optional)=,,,
N,MAXIMO_NZL_JRL_QRY_SOAP.connection.Enable two way SSL for outbound connections (Optional)=,,,
N,MAXIMO_NZL_JRL_QRY_SOAP.connection.Identity keystore alias name (Optional)=,,,
Y,MAXIMO_NZL_JRL_QRY_SOAP.secure.Username=,FD_OIC_CMN_MAX_USER,,
Y,MAXIMO_NZL_JRL_QRY_SOAP.secure.Password=,FD_OIC_CMN_MAX_PASS,,
Y,MAXIMO_NZL_JRL_QRY_SOAP.agentDefinition=,FD_OIC_CMN_NZL_AGENT,,
N,,,,
Y,MAXIMO_NZL_VDR_SOAP.connection.WSDL URL=,FD_OIC_MAX_NZL_VDR_URL,,
N,MAXIMO_NZL_VDR_SOAP.connection.Service WSDL=,,,
N,MAXIMO_NZL_VDR_SOAP.connection.Target Server's TLS version (Optional)=,,,
N,MAXIMO_NZL_VDR_SOAP.connection.Suppress insertion of timestamp into the request (Optional)=,,,
N,MAXIMO_NZL_VDR_SOAP.connection.Ignore timestamp in the response message (Optional)=,,,
N,MAXIMO_NZL_VDR_SOAP.connection.Enable two way SSL for outbound connections (Optional)=,,,
N,MAXIMO_NZL_VDR_SOAP.connection.Identity keystore alias name (Optional)=,,,
Y,MAXIMO_NZL_VDR_SOAP.secure.Username=,FD_OIC_CMN_MAX_USER,,
Y,MAXIMO_NZL_VDR_SOAP.secure.Password=,FD_OIC_CMN_MAX_PASS,,
Y,MAXIMO_NZL_VDR_SOAP.agentDefinition=,FD_OIC_CMN_NZL_AGENT,,
N,,,,
Y,MAXIMO_TTO_COA_SOAP.connection.WSDL URL=,FD_OIC_MAX_TTO_COA_URL,,
N,MAXIMO_TTO_COA_SOAP.connection.Service WSDL=,,,
N,MAXIMO_TTO_COA_SOAP.connection.Target Server's TLS version (Optional)=,,,
N,MAXIMO_TTO_COA_SOAP.connection.Suppress insertion of timestamp into the request (Optional)=,,,
N,MAXIMO_TTO_COA_SOAP.connection.Ignore timestamp in the response message (Optional)=,,,
N,MAXIMO_TTO_COA_SOAP.connection.Enable two way SSL for outbound connections (Optional)=,,,
N,MAXIMO_TTO_COA_SOAP.connection.Identity keystore alias name (Optional)=,,,
Y,MAXIMO_TTO_COA_SOAP.secure.Username=,FD_OIC_MAX_PROD_USER,,
Y,MAXIMO_TTO_COA_SOAP.secure.Password=,FD_OIC_MAX_PROD_PASS,,
Y,MAXIMO_TTO_COA_SOAP.agentDefinition=,FD_OIC_CMN_TTO_AGENT,,
N,,,,
Y,MAXIMO_TTO_FXR_SOAP.connection.WSDL URL=,FD_OIC_MAX_TTO_FXR_URL,,
N,MAXIMO_TTO_FXR_SOAP.connection.Service WSDL=,,,
N,MAXIMO_TTO_FXR_SOAP.connection.Target Server's TLS version (Optional)=,,,
N,MAXIMO_TTO_FXR_SOAP.connection.Suppress insertion of timestamp into the request (Optional)=,,,
N,MAXIMO_TTO_FXR_SOAP.connection.Ignore timestamp in the response message (Optional)=,,,
N,MAXIMO_TTO_FXR_SOAP.connection.Enable two way SSL for outbound connections (Optional)=,,,
N,MAXIMO_TTO_FXR_SOAP.connection.Identity keystore alias name (Optional)=,,,
Y,MAXIMO_TTO_FXR_SOAP.secure.Username=,FD_OIC_MAX_PROD_USER,,
Y,MAXIMO_TTO_FXR_SOAP.secure.Password=,FD_OIC_MAX_PROD_PASS,,
Y,MAXIMO_TTO_FXR_SOAP.agentDefinition=,FD_OIC_CMN_TTO_AGENT,,
N,,,,
Y,MAXIMO_TTO_GLC_SOAP.connection.WSDL URL=,FD_OIC_MAX_TTO_GLC_URL,,
N,MAXIMO_TTO_GLC_SOAP.connection.Service WSDL=,,,
N,MAXIMO_TTO_GLC_SOAP.connection.Target Server's TLS version (Optional)=,,,
N,MAXIMO_TTO_GLC_SOAP.connection.Suppress insertion of timestamp into the request (Optional)=,,,
N,MAXIMO_TTO_GLC_SOAP.connection.Ignore timestamp in the response message (Optional)=,,,
N,MAXIMO_TTO_GLC_SOAP.connection.Enable two way SSL for outbound connections (Optional)=,,,
N,MAXIMO_TTO_GLC_SOAP.connection.Identity keystore alias name (Optional)=,,,
Y,MAXIMO_TTO_GLC_SOAP.secure.Username=,FD_OIC_MAX_PROD_USER,,
Y,MAXIMO_TTO_GLC_SOAP.secure.Password=,FD_OIC_MAX_PROD_PASS,,
Y,MAXIMO_TTO_GLC_SOAP.agentDefinition=,FD_OIC_CMN_TTO_AGENT,,
N,,,,
Y,MAXIMO_TTO_INC_SOAP.connection.WSDL URL=,FD_OIC_MAX_TTO_INC_URL,,
N,MAXIMO_TTO_INC_SOAP.connection.Service WSDL=,,,
N,MAXIMO_TTO_INC_SOAP.connection.Target Server's TLS version (Optional)=,,,
N,MAXIMO_TTO_INC_SOAP.connection.Suppress insertion of timestamp into the request (Optional)=,,,
N,MAXIMO_TTO_INC_SOAP.connection.Ignore timestamp in the response message (Optional)=,,,
N,MAXIMO_TTO_INC_SOAP.connection.Enable two way SSL for outbound connections (Optional)=,,,
N,MAXIMO_TTO_INC_SOAP.connection.Identity keystore alias name (Optional)=,,,
Y,MAXIMO_TTO_INC_SOAP.secure.Username=,FD_OIC_MAX_PROD_USER,,
Y,MAXIMO_TTO_INC_SOAP.secure.Password=,FD_OIC_MAX_PROD_PASS,,
Y,MAXIMO_TTO_INC_SOAP.agentDefinition=,FD_OIC_CMN_TTO_AGENT,,
N,,,,
Y,MAXIMO_TTO_INV_SOAP.connection.WSDL URL=,FD_OIC_MAX_TTO_INV_URL,,
N,MAXIMO_TTO_INV_SOAP.connection.Service WSDL=,,,
N,MAXIMO_TTO_INV_SOAP.connection.Target Server's TLS version (Optional)=,,,
N,MAXIMO_TTO_INV_SOAP.connection.Suppress insertion of timestamp into the request (Optional)=,,,
N,MAXIMO_TTO_INV_SOAP.connection.Ignore timestamp in the response message (Optional)=,,,
N,MAXIMO_TTO_INV_SOAP.connection.Enable two way SSL for outbound connections (Optional)=,,,
N,MAXIMO_TTO_INV_SOAP.connection.Identity keystore alias name (Optional)=,,,
Y,MAXIMO_TTO_INV_SOAP.secure.Username=,FD_OIC_MAX_PROD_USER,,
Y,MAXIMO_TTO_INV_SOAP.secure.Password=,FD_OIC_MAX_PROD_PASS,,
Y,MAXIMO_TTO_INV_SOAP.agentDefinition=,FD_OIC_CMN_TTO_AGENT,,
N,,,,
Y,MAXIMO_TTO_JRL_CTL_SOAP.connection.WSDL URL=,FD_OIC_MAX_TTO_JRL_CTL_URL,,
N,MAXIMO_TTO_JRL_CTL_SOAP.connection.Service WSDL=,,,
N,MAXIMO_TTO_JRL_CTL_SOAP.connection.Target Server's TLS version (Optional)=,,,
N,MAXIMO_TTO_JRL_CTL_SOAP.connection.Suppress insertion of timestamp into the request (Optional)=,,,
N,MAXIMO_TTO_JRL_CTL_SOAP.connection.Ignore timestamp in the response message (Optional)=,,,
N,MAXIMO_TTO_JRL_CTL_SOAP.connection.Enable two way SSL for outbound connections (Optional)=,,,
N,MAXIMO_TTO_JRL_CTL_SOAP.connection.Identity keystore alias name (Optional)=,,,
Y,MAXIMO_TTO_JRL_CTL_SOAP.secure.Username=,FD_OIC_MAX_PROD_USER,,
Y,MAXIMO_TTO_JRL_CTL_SOAP.secure.Password=,FD_OIC_MAX_PROD_PASS,,
Y,MAXIMO_TTO_JRL_CTL_SOAP.agentDefinition=,FD_OIC_CMN_TTO_AGENT,,
N,,,,
Y,MAXIMO_TTO_JRL_LN_SOAP.connection.WSDL URL=,FD_OIC_MAX_TTO_JRL_LN_URL,,
N,MAXIMO_TTO_JRL_LN_SOAP.connection.Service WSDL=,,,
N,MAXIMO_TTO_JRL_LN_SOAP.connection.Target Server's TLS version (Optional)=,,,
N,MAXIMO_TTO_JRL_LN_SOAP.connection.Suppress insertion of timestamp into the request (Optional)=,,,
N,MAXIMO_TTO_JRL_LN_SOAP.connection.Ignore timestamp in the response message (Optional)=,,,
N,MAXIMO_TTO_JRL_LN_SOAP.connection.Enable two way SSL for outbound connections (Optional)=,,,
N,MAXIMO_TTO_JRL_LN_SOAP.connection.Identity keystore alias name (Optional)=,,,
Y,MAXIMO_TTO_JRL_LN_SOAP.secure.Username=,FD_OIC_MAX_PROD_USER,,
Y,MAXIMO_TTO_JRL_LN_SOAP.secure.Password=,FD_OIC_MAX_PROD_PASS,,
Y,MAXIMO_TTO_JRL_LN_SOAP.agentDefinition=,FD_OIC_CMN_TTO_AGENT,,
N,,,,
Y,MAXIMO_TTO_JRL_QRY_SOAP.connection.WSDL URL=,FD_OIC_MAX_TTO_JRL_QRY_URL,,
N,MAXIMO_TTO_JRL_QRY_SOAP.connection.Service WSDL=,,,
N,MAXIMO_TTO_JRL_QRY_SOAP.connection.Target Server's TLS version (Optional)=,,,
N,MAXIMO_TTO_JRL_QRY_SOAP.connection.Suppress insertion of timestamp into the request (Optional)=,,,
N,MAXIMO_TTO_JRL_QRY_SOAP.connection.Ignore timestamp in the response message (Optional)=,,,
N,MAXIMO_TTO_JRL_QRY_SOAP.connection.Enable two way SSL for outbound connections (Optional)=,,,
N,MAXIMO_TTO_JRL_QRY_SOAP.connection.Identity keystore alias name (Optional)=,,,
Y,MAXIMO_TTO_JRL_QRY_SOAP.secure.Username=,FD_OIC_MAX_PROD_USER,,
Y,MAXIMO_TTO_JRL_QRY_SOAP.secure.Password=,FD_OIC_MAX_PROD_PASS,,
Y,MAXIMO_TTO_JRL_QRY_SOAP.agentDefinition=,FD_OIC_CMN_TTO_AGENT,,
N,,,,
Y,MAXIMO_TTO_VDR_SOAP.connection.WSDL URL=,FD_OIC_MAX_TTO_VDR_URL,,
N,MAXIMO_TTO_VDR_SOAP.connection.Service WSDL=,,,
N,MAXIMO_TTO_VDR_SOAP.connection.Target Server's TLS version (Optional)=,,,
N,MAXIMO_TTO_VDR_SOAP.connection.Suppress insertion of timestamp into the request (Optional)=,,,
N,MAXIMO_TTO_VDR_SOAP.connection.Ignore timestamp in the response message (Optional)=,,,
N,MAXIMO_TTO_VDR_SOAP.connection.Enable two way SSL for outbound connections (Optional)=,,,
N,MAXIMO_TTO_VDR_SOAP.connection.Identity keystore alias name (Optional)=,,,
Y,MAXIMO_TTO_VDR_SOAP.secure.Username=,FD_OIC_MAX_PROD_USER,,
Y,MAXIMO_TTO_VDR_SOAP.secure.Password=,FD_OIC_MAX_PROD_PASS,,
Y,MAXIMO_TTO_VDR_SOAP.agentDefinition=,FD_OIC_CMN_TTO_AGENT,,
N,,,,
Y,MXEXC_ADP.secure.Client Id=,FD_OIC_MICROSOFT_ADP_CLIENT,,
Y,MXEXC_ADP.secure.Client Secret=,FD_OIC_MICROSOFT_ADP_SECRET,,
Y,MXEXC_ADP.secure.Scope=,FD_OIC_MICROSOFT_ADP_SCOPE,,
N,MXEXC_ADP.agentDefinition=,,,
N,,,,
Y,OICUS_FTP.connection.FTP Server Host Address=,FD_OIC_SFTP_URL,,
Y,OICUS_FTP.connection.FTP Server Port=,FD_OIC_CMN_PORT_22,,
Y,OICUS_FTP.connection.SFTP Connection=,FD_OIC_CMN_SFTP_CONF,,
N,OICUS_FTP.connection.Passive IP as Host Address=,,,
N,OICUS_FTP.connection.Host Key=,,,
N,OICUS_FTP.connection.FTP SSL Type=,,,
N,OICUS_FTP.connection.SSL Certificate=,,,
N,OICUS_FTP.connection.FTP Server OS=,,,
N,OICUS_FTP.connection.FTP SSL Channel Mask=,,,
N,OICUS_FTP.connection.SFTP Key Exchange Algorithm=,,,
N,OICUS_FTP.connection.SFTP Preferred Cipher Suite=,,,
N,OICUS_FTP.connection.SFTP Preferred Data Integrity Algorithm=,,,
N,OICUS_FTP.connection.SFTP Preferred PKI Algorithm=,,,
N,OICUS_FTP.connection.FTP Server Time Zone=,,,
Y,OICUS_FTP.secure.User Name=,FD_OIC_SFTP_USER,,
Y,OICUS_FTP.secure.Password=,FD_OIC_SFTP_PASS,,
N,OICUS_FTP.secure.SSL Certificate Password=,,,
N,OICUS_FTP.secure.PGP Public Key=,,,
N,OICUS_FTP.secure.ASCII-Armor Encryption Format=,,,
N,OICUS_FTP.secure.Cipher Algorithm=,,,
N,OICUS_FTP.secure.PGP Private Key=,,,
N,OICUS_FTP.secure.PGP Private Key Password=,,,
N,OICUS_FTP.secure.PGP Sign Public Key=,,,
N,OICUS_FTP.secure.PGP Sign Private Key=,,,
N,OICUS_FTP.secure.PGP Sign Private key Password=,,,
N,OICUS_FTP.agentDefinition=,,,
N,,,,
Y,OICUS_REST.connection.Connection Type=,FD_OIC_CMN_RESTURL,,
Y,OICUS_REST.connection.TLS Version=,FD_OIC_CMN_TLS,,
Y,OICUS_REST.connection.Connection URL=,FD_OIC_CMN_OIC_URL,,
N,OICUS_REST.connection.Enable two way SSL for outbound connections (Optional)=,,,
N,OICUS_REST.connection.Identity keystore alias name (Optional)=,,,
Y,OICUS_REST.secure.Username=,FD_OIC_CMN_OIC_USER,,
Y,OICUS_REST.secure.Password=,FD_OIC_CMN_OIC_PASS,,
N,OICUS_REST.agentDefinition=,,,
N,,,,
Y,OICUS_REST_ADM.connection.Connection Type=,FD_OIC_CMN_RESTURL,,
Y,OICUS_REST_ADM.connection.TLS Version=,FD_OIC_CMN_TLS,,
Y,OICUS_REST_ADM.connection.Connection URL=,FD_OIC_CMN_OIC_URL,,
N,OICUS_REST_ADM.connection.Enable two way SSL for outbound connections (Optional)=,,,
N,OICUS_REST_ADM.connection.Identity keystore alias name (Optional)=,,,
Y,OICUS_REST_ADM.secure.Username=,FD_OIC_CMN_OIC_BUILD_USER,,
Y,OICUS_REST_ADM.secure.Password=,FD_OIC_CMN_OIC_BUILD_PASS,,
N,OICUS_REST_ADM.agentDefinition=,,,
N,,,,
Y,OICUS_SOAP.connection.WSDL URL=,FD_OIC_SOAP_URL,,
N,OICUS_SOAP.connection.Service WSDL=,,,
N,OICUS_SOAP.connection.Target Server's TLS version (Optional)=,,,
N,OICUS_SOAP.connection.Suppress insertion of timestamp into the request (Optional)=,,,
N,OICUS_SOAP.connection.Ignore timestamp in the response message (Optional)=,,,
N,OICUS_SOAP.connection.Enable two way SSL for outbound connections (Optional)=,,,
N,OICUS_SOAP.connection.Identity keystore alias name (Optional)=,,,
Y,OICUS_SOAP.secure.Username=,FD_OIC_CMN_OIC_USER,,
Y,OICUS_SOAP.secure.Password=,FD_OIC_CMN_OIC_PASS,,
N,OICUS_SOAP.agentDefinition=,,,
N,,,,
N,OICUS_STGDB_ATP.connection.Host=,,,
N,OICUS_STGDB_ATP.connection.Port=,,,
N,OICUS_STGDB_ATP.connection.SID=,,,
Y,OICUS_STGDB_ATP.connection.Service Name=,FD_OIC_CMN_ATP_SHARED,,
Y,OICUS_STGDB_ATP.secure.Wallet=,FD_OIC_CMN_ATP_WALLET,,Y
Y,OICUS_STGDB_ATP.secure.Wallet Password=,FD_OIC_CMN_ATP_PASS,,
Y,OICUS_STGDB_ATP.secure.Database Service Username=,FD_OIC_CMN_ATP_STGDB_USER,,
Y,OICUS_STGDB_ATP.secure.Database Service Password=,FD_OIC_CMN_ATP_DB_PASS,,
N,OICUS_STGDB_ATP.agentDefinition=,,,
N,,,,
Y,OICUS_STGDB_REST.connection.Connection Type=,FD_OIC_CMN_RESTURL,,
N,OICUS_STGDB_REST.connection.TLS Version=,,,
Y,OICUS_STGDB_REST.connection.Connection URL=,FD_OIC_STGDB_URL,,
N,OICUS_STGDB_REST.connection.Enable two way SSL for outbound connections (Optional)=,,,
N,OICUS_STGDB_REST.connection.Identity keystore alias name (Optional)=,,,
Y,OICUS_STGDB_REST.secure.Username=,FD_OIC_STGDB_USER,,
Y,OICUS_STGDB_REST.secure.Password=,FD_OIC_STGDB_PASS,,
N,OICUS_STGDB_REST.agentDefinition=,,,
N,,,,
N,OICUS_WORKD_ATP.connection.Host=,,,
N,OICUS_WORKD_ATP.connection.Port=,,,
N,OICUS_WORKD_ATP.connection.SID=,,,
Y,OICUS_WORKD_ATP.connection.Service Name=,FD_OIC_CMN_ATP_SHARED,,
Y,OICUS_WORKD_ATP.secure.Wallet=,FD_OIC_CMN_ATP_WALLET,,Y
Y,OICUS_WORKD_ATP.secure.Wallet Password=,FD_OIC_CMN_ATP_PASS,,
Y,OICUS_WORKD_ATP.secure.Database Service Username=,FD_OIC_CMN_ATP_WORKDAY_USER,,
Y,OICUS_WORKD_ATP.secure.Database Service Password=,FD_OIC_CMN_ATP_DB_PASS,,
N,OICUS_WORKD_ATP.agentDefinition=,,,
N,,,,
Y,OKTA.connection.Connection Type=,FD_OIC_CMN_RESTURL,,
N,OKTA.connection.TLS Version=,,,
Y,OKTA.connection.Connection URL=,FD_OIC_OKTA_URL,,
N,OKTA.connection.Enable two way SSL for outbound connections (Optional)=,,,
N,OKTA.connection.Identity keystore alias name (Optional)=,,,
Y,OKTA.secure.API Key=,FD_OIC_OKTA_API,,
Y,OKTA.secure.API Key Usage=,FD_OIC_OKTA_API_USAGE,,
N,OKTA.agentDefinition=,,,
N,,,,
Y,ORACPQ_CUST_SOAP.connection.WSDL URL=,FD_OIC_CPQ_CUST_URL,,
N,ORACPQ_CUST_SOAP.connection.Service WSDL=,,,
N,ORACPQ_CUST_SOAP.connection.Target Server's TLS version (Optional)=,,,
N,ORACPQ_CUST_SOAP.connection.Suppress insertion of timestamp into the request (Optional)=,,,
N,ORACPQ_CUST_SOAP.connection.Ignore timestamp in the response message (Optional)=,,,
N,ORACPQ_CUST_SOAP.connection.Enable two way SSL for outbound connections (Optional)=,,,
N,ORACPQ_CUST_SOAP.connection.Identity keystore alias name (Optional)=,,,
Y,ORACPQ_CUST_SOAP.secure.Username=,FD_OIC_CMN_CPQ_USER,,
Y,ORACPQ_CUST_SOAP.secure.Password=,FD_OIC_CMN_CPQ_PASS,,
N,ORACPQ_CUST_SOAP.agentDefinition=,,,
N,,,,
Y,ORACPQ_REST.connection.Connection Type=,FD_OIC_CMN_RESTURL,,
N,ORACPQ_REST.connection.TLS Version=,,,
Y,ORACPQ_REST.connection.Connection URL=,FD_OIC_CPQ_REST_URL,,
N,ORACPQ_REST.connection.Enable two way SSL for outbound connections (Optional)=,,,
N,ORACPQ_REST.connection.Identity keystore alias name (Optional)=,,,
Y,ORACPQ_REST.secure.Username=,FD_OIC_CMN_CPQ_USER,,
Y,ORACPQ_REST.secure.Password=,FD_OIC_CMN_CPQ_PASS,,
N,ORACPQ_REST.agentDefinition=,,,
N,,,,
Y,ORACPQ_SURVDETAIL_SOAP.connection.WSDL URL=,FD_OIC_CPQ_SURVDTL_URL,,
N,ORACPQ_SURVDETAIL_SOAP.connection.Service WSDL=,,,
N,ORACPQ_SURVDETAIL_SOAP.connection.Target Server's TLS version (Optional)=,,,
N,ORACPQ_SURVDETAIL_SOAP.connection.Suppress insertion of timestamp into the request (Optional)=,,,
N,ORACPQ_SURVDETAIL_SOAP.connection.Ignore timestamp in the response message (Optional)=,,,
N,ORACPQ_SURVDETAIL_SOAP.connection.Enable two way SSL for outbound connections (Optional)=,,,
N,ORACPQ_SURVDETAIL_SOAP.connection.Identity keystore alias name (Optional)=,,,
Y,ORACPQ_SURVDETAIL_SOAP.secure.Username=,FD_OIC_CMN_CPQ_USER,,
Y,ORACPQ_SURVDETAIL_SOAP.secure.Password=,FD_OIC_CMN_CPQ_PASS,,
N,ORACPQ_SURVDETAIL_SOAP.agentDefinition=,,,
N,,,,
Y,ORACPQ_SURVHEADER_SOAP.connection.WSDL URL=,FD_OIC_CPQ_SURVHDR_URL,,
N,ORACPQ_SURVHEADER_SOAP.connection.Service WSDL=,,,
N,ORACPQ_SURVHEADER_SOAP.connection.Target Server's TLS version (Optional)=,,,
N,ORACPQ_SURVHEADER_SOAP.connection.Suppress insertion of timestamp into the request (Optional)=,,,
N,ORACPQ_SURVHEADER_SOAP.connection.Ignore timestamp in the response message (Optional)=,,,
N,ORACPQ_SURVHEADER_SOAP.connection.Enable two way SSL for outbound connections (Optional)=,,,
N,ORACPQ_SURVHEADER_SOAP.connection.Identity keystore alias name (Optional)=,,,
Y,ORACPQ_SURVHEADER_SOAP.secure.Username=,FD_OIC_CMN_CPQ_USER,,
Y,ORACPQ_SURVHEADER_SOAP.secure.Password=,FD_OIC_CMN_CPQ_PASS,,
N,ORACPQ_SURVHEADER_SOAP.agentDefinition=,,,
N,,,,
Y,ORAOM_RCVORD_SOAP.connection.WSDL URL=,FD_OIC_ORA_RCVORD_URL,,
N,ORAOM_RCVORD_SOAP.connection.Service WSDL=,,,
N,ORAOM_RCVORD_SOAP.connection.Target Server's TLS version (Optional)=,,,
N,ORAOM_RCVORD_SOAP.connection.Suppress insertion of timestamp into the request (Optional)=,,,
N,ORAOM_RCVORD_SOAP.connection.Ignore timestamp in the response message (Optional)=,,,
N,ORAOM_RCVORD_SOAP.connection.Enable two way SSL for outbound connections (Optional)=,,,
N,ORAOM_RCVORD_SOAP.connection.Identity keystore alias name (Optional)=,,,
Y,ORAOM_RCVORD_SOAP.secure.Username=,FD_OIC_CMN_EKAA_USER,,
Y,ORAOM_RCVORD_SOAP.secure.Password=,FD_OIC_CMN_EKAA_PASS,,
N,ORAOM_RCVORD_SOAP.agentDefinition=,,,
N,,,,
Y,ORARP_ADP.connection.ERP Cloud Host=,FD_OIC_ORA_ERP_URL,,
Y,ORARP_ADP.connection.ERP Services Catalog WSDL URL=,FD_OIC_ORA_ERP_SRVCAT_URL,,
Y,ORARP_ADP.connection.ERP Events Catalog URL (optional)=,FD_OIC_ORA_ERP_EVNTCAT_URL,,
Y,ORARP_ADP.connection.Interface Catalog URL (optional)=,FD_OIC_ORA_ERP_INTGCAT_URL,,
Y,ORARP_ADP.secure.Username=,FD_OIC_CMN_EKAA_USER,,
Y,ORARP_ADP.secure.Password=,FD_OIC_CMN_EKAA_PASS,,
N,ORARP_ADP.agentDefinition=,,,
N,,,,
Y,ORARP_BI_SOAP.connection.WSDL URL=,FD_OIC_ORA_BI_URL,,
N,ORARP_BI_SOAP.connection.Service WSDL=,,,
N,ORARP_BI_SOAP.connection.Target Server's TLS version (Optional)=,,,
N,ORARP_BI_SOAP.connection.Suppress insertion of timestamp into the request (Optional)=,,,
N,ORARP_BI_SOAP.connection.Ignore timestamp in the response message (Optional)=,,,
N,ORARP_BI_SOAP.connection.Enable two way SSL for outbound connections (Optional)=,,,
N,ORARP_BI_SOAP.connection.Identity keystore alias name (Optional)=,,,
Y,ORARP_BI_SOAP.secure.Username=,FD_OIC_CMN_EKAA_USER,,
Y,ORARP_BI_SOAP.secure.Password=,FD_OIC_CMN_EKAA_PASS,,
N,ORARP_BI_SOAP.agentDefinition=,,,
N,,,,
Y,ORARP_INV_STATUS_DFF_SOAP.connection.WSDL URL=,FD_OIC_ORA_DFF_URL,,
N,ORARP_INV_STATUS_DFF_SOAP.connection.Service WSDL=,,,
N,ORARP_INV_STATUS_DFF_SOAP.connection.Target Server's TLS version (Optional)=,,,
N,ORARP_INV_STATUS_DFF_SOAP.connection.Suppress insertion of timestamp into the request (Optional)=,,,
N,ORARP_INV_STATUS_DFF_SOAP.connection.Ignore timestamp in the response message (Optional)=,,,
N,ORARP_INV_STATUS_DFF_SOAP.connection.Enable two way SSL for outbound connections (Optional)=,,,
N,ORARP_INV_STATUS_DFF_SOAP.connection.Identity keystore alias name (Optional)=,,,
Y,ORARP_INV_STATUS_DFF_SOAP.secure.Username=,FD_OIC_CMN_EKAA_USER,,
Y,ORARP_INV_STATUS_DFF_SOAP.secure.Password=,FD_OIC_CMN_EKAA_PASS,,
N,ORARP_INV_STATUS_DFF_SOAP.agentDefinition=,,,
N,,,,
Y,ORARP_REST.connection.Connection Type=,FD_OIC_CMN_RESTURL,,
N,ORARP_REST.connection.TLS Version=,,,
Y,ORARP_REST.connection.Connection URL=,FD_OIC_ORA_REST_URL,,
N,ORARP_REST.connection.Enable two way SSL for outbound connections (Optional)=,,,
N,ORARP_REST.connection.Identity keystore alias name (Optional)=,,,
Y,ORARP_REST.secure.Username=,FD_OIC_CMN_EKAA_USER,,
Y,ORARP_REST.secure.Password=,FD_OIC_CMN_EKAA_PASS,,
N,ORARP_REST.agentDefinition=,,,
N,,,,
Y,ORASC_SHP_SOAP.connection.WSDL URL=,FD_OIC_ORA_SHP_URL,,
N,ORASC_SHP_SOAP.connection.Service WSDL=,,,
N,ORASC_SHP_SOAP.connection.Target Server's TLS version (Optional)=,,,
N,ORASC_SHP_SOAP.connection.Suppress insertion of timestamp into the request (Optional)=,,,
N,ORASC_SHP_SOAP.connection.Ignore timestamp in the response message (Optional)=,,,
N,ORASC_SHP_SOAP.connection.Enable two way SSL for outbound connections (Optional)=,,,
N,ORASC_SHP_SOAP.connection.Identity keystore alias name (Optional)=,,,
Y,ORASC_SHP_SOAP.secure.Username=,FD_OIC_CMN_EKAA_USER,,
Y,ORASC_SHP_SOAP.secure.Password=,FD_OIC_CMN_EKAA_PASS,,
N,ORASC_SHP_SOAP.agentDefinition=,,,
N,,,,
Y,PIV_EGY_JDBC.connection.Host=,FD_OIC_PIV_EGY_JDBC_URL,,
Y,PIV_EGY_JDBC.connection.Port=,FD_OIC_CMN_PORT_1433,,
Y,PIV_EGY_JDBC.connection.Database Name=,FD_OIC_PIV_EGY_JDBC_DB,,
N,PIV_EGY_JDBC.connection.Instance Name=,,,
N,PIV_EGY_JDBC.connection.Encrypt Connection=,,,
N,PIV_EGY_JDBC.connection.Validate Server Certificate=,,,
Y,PIV_EGY_JDBC.secure.Username=,FD_OIC_PIV_EGY_JDBC_USER,,
Y,PIV_EGY_JDBC.secure.Password=,FD_OIC_PIV_EGY_JDBC_PASS,,
Y,PIV_EGY_JDBC.agentDefinition=,FD_OIC_CMN_EGY_AGENT,,
N,,,,
Y,PIV_NZL_JDBC.connection.Host=,FD_OIC_PIV_NZL_JDBC_URL,,
Y,PIV_NZL_JDBC.connection.Port=,FD_OIC_CMN_PORT_1433,,
Y,PIV_NZL_JDBC.connection.Database Name=,FD_OIC_PIV_NZL_JDBC_DB,,
N,PIV_NZL_JDBC.connection.Instance Name=,,,
N,PIV_NZL_JDBC.connection.Encrypt Connection=,,,
N,PIV_NZL_JDBC.connection.Validate Server Certificate=,,,
Y,PIV_NZL_JDBC.secure.Username=,FD_OIC_PIV_NZL_JDBC_USER,,
Y,PIV_NZL_JDBC.secure.Password=,FD_OIC_PIV_NZL_JDBC_PASS,,
Y,PIV_NZL_JDBC.agentDefinition=,FD_OIC_CMN_NZL_AGENT,,
N,,,,
Y,QTS_SFTP.connection.FTP Server Host Address=,FD_OIC_QTS_SFTP_URL,,
Y,QTS_SFTP.connection.FTP Server Port=,FD_OIC_CMN_PORT_22,,
Y,QTS_SFTP.connection.SFTP Connection=,FD_OIC_CMN_SFTP_CONF,,
N,QTS_SFTP.connection.Passive IP as Host Address=,,,
N,QTS_SFTP.connection.Host Key=,,,
N,QTS_SFTP.connection.FTP SSL Type=,,,
N,QTS_SFTP.connection.SSL Certificate=,,,
N,QTS_SFTP.connection.FTP Server OS=,,,
N,QTS_SFTP.connection.FTP SSL Channel Mask=,,,
N,QTS_SFTP.connection.SFTP Key Exchange Algorithm=,,,
N,QTS_SFTP.connection.SFTP Preferred Cipher Suite=,,,
N,QTS_SFTP.connection.SFTP Preferred Data Integrity Algorithm=,,,
N,QTS_SFTP.connection.SFTP Preferred PKI Algorithm=,,,
N,QTS_SFTP.connection.FTP Server Time Zone=,,,
Y,QTS_SFTP.secure.User Name=,FD_OIC_QTS_SFTP_USER,,
Y,QTS_SFTP.secure.Private Key File=,FD_OIC_CMN_MX_SSH_PRI_KEY,,Y
Y,QTS_SFTP.secure.PassPhrase=,FD_OIC_CMN_MX_SSH_PRI_PASS,,
N,QTS_SFTP.secure.PGP Public Key=,,,
N,QTS_SFTP.secure.ASCII-Armor Encryption Format=,,,
N,QTS_SFTP.secure.Cipher Algorithm=,,,
N,QTS_SFTP.secure.PGP Private Key=,,,
N,QTS_SFTP.secure.PGP Private Key Password=,,,
N,QTS_SFTP.secure.PGP Sign Public Key=,,,
N,QTS_SFTP.secure.PGP Sign Private Key=,,,
N,QTS_SFTP.secure.PGP signing Private key password=,,,
N,QTS_SFTP.agentDefinition=,,,
N,,,,
Y,SCOTIA_FTP.connection.FTP Server Host Address=,FD_OIC_SCOTIA_SFTP_URL,,
Y,SCOTIA_FTP.connection.FTP Server Port=,FD_OIC_CMN_PORT_22,,
Y,SCOTIA_FTP.connection.SFTP Connection=,FD_OIC_CMN_SFTP_CONF,,
N,SCOTIA_FTP.connection.Passive IP as Host Address=,,,
N,SCOTIA_FTP.connection.Host Key=,,,
N,SCOTIA_FTP.connection.FTP SSL Type=,,,
N,SCOTIA_FTP.connection.SSL Certificate=,,,
N,SCOTIA_FTP.connection.FTP Server OS=,,,
N,SCOTIA_FTP.connection.FTP SSL Channel Mask=,,,
N,SCOTIA_FTP.connection.SFTP Key Exchange Algorithm=,,,
N,SCOTIA_FTP.connection.SFTP Preferred Cipher Suite=,,,
N,SCOTIA_FTP.connection.SFTP Preferred Data Integrity Algorithm=,,,
N,SCOTIA_FTP.connection.SFTP Preferred PKI Algorithm=,,,
N,SCOTIA_FTP.connection.FTP Server Time Zone=,,,
Y,SCOTIA_FTP.secure.User Name=,FD_OIC_SCOTIA_SFTP_USER,,
Y,SCOTIA_FTP.secure.Private Key File=,FD_OIC_CMN_MX_SSH_PRI_KEY,,Y
Y,SCOTIA_FTP.secure.PassPhrase=,FD_OIC_CMN_MX_SSH_PRI_PASS,,
N,SCOTIA_FTP.secure.PGP Public Key=,,,
N,SCOTIA_FTP.secure.ASCII-Armor Encryption Format=,,,
N,SCOTIA_FTP.secure.Cipher Algorithm=,,,
N,SCOTIA_FTP.secure.PGP Private Key=,,,
N,SCOTIA_FTP.secure.PGP Private Key Password=,,,
N,SCOTIA_FTP.secure.PGP Sign Public Key=,,,
N,SCOTIA_FTP.secure.PGP Sign Private Key=,,,
N,SCOTIA_FTP.secure.PGP signing Private key password=,,,
N,SCOTIA_FTP.agentDefinition=,,,
N,,,,
Y,SDPLUS.connection.Connection Type=,FD_OIC_CMN_RESTURL,,
N,SDPLUS.connection.TLS Version=,,,
Y,SDPLUS.connection.Connection URL=,FD_OIC_SDPLUS_URL,,
N,SDPLUS.connection.Enable two way SSL for outbound connections (Optional)=,,,
N,SDPLUS.connection.Identity keystore alias name (Optional)=,,,
Y,SDPLUS.secure.Authorization Request=,FD_OIC_SDPLUS_AUTH_RQ,,
Y,SDPLUS.secure.Access Token Request=,FD_OIC_SDPLUS_ACCESS_TOKEN_RQ,,
Y,SDPLUS.secure.Refresh Token Request=,FD_OIC_SDPLUS_REFRESH_TOKEN_RQ,,
Y,SDPLUS.secure.$auth_code=,FD_OIC_SDPLUS_AUTH_CODE,,
Y,SDPLUS.secure.$access_token=,FD_OIC_SDPLUS_ACCESS_TOKEN,,
Y,SDPLUS.secure.$refresh_token=,FD_OIC_SDPLUS_REFRESH_TOKEN,,
Y,SDPLUS.secure.$expiry=,FD_OIC_SDPLUS_EXPIRY,,
Y,SDPLUS.secure.$token_type=,FD_OIC_SDPLUS_TOKEN_TYPE,,
Y,SDPLUS.secure.access_token_usage=,FD_OIC_SDPLUS_TOKEN_USAGE,,
N,SDPLUS.agentDefinition=,,,
N,,,,
N,SDPLUS_DATA.connection.Host=,,,
N,SDPLUS_DATA.connection.Port=,,,
N,SDPLUS_DATA.connection.SID=,,,
Y,SDPLUS_DATA.connection.Service Name=,FD_OIC_CMN_ATP_SHARED,,
Y,SDPLUS_DATA.secure.Wallet=,FD_OIC_CMN_ATP_WALLET,,Y
Y,SDPLUS_DATA.secure.Wallet Password=,FD_OIC_CMN_ATP_PASS,,
Y,SDPLUS_DATA.secure.Database Service Username=,FD_OIC_CMN_ATP_SDPLUS_USER,,
Y,SDPLUS_DATA.secure.Database Service Password=,FD_OIC_CMN_ATP_DB_PASS,,
N,SDPLUS_DATA.agentDefinition=,,,
N,,,,
N,SHIPNOTICE_REST.agentDefinition=,,,
N,,,,
Y,TTBANK_REST_TTRATE.connection.Connection Type=,FD_OIC_CMN_RESTURL,,
N,TTBANK_REST_TTRATE.connection.TLS Version=,,,
Y,TTBANK_REST_TTRATE.connection.Connection URL=,FD_OIC_TTBANK_URL,,
Y,TTBANK_REST_TTRATE.connection.Enable two way SSL for outbound connections (Optional)=,FD_OIC_CMN_SFTP_CONF,,
N,TTBANK_REST_TTRATE.connection.Identity keystore alias name (Optional)=,,,
N,TTBANK_REST_TTRATE.agentDefinition=,,,
N,,,,
Y,VBCSUS_REST.connection.Connection Type=,FD_OIC_CMN_RESTURL,,
Y,VBCSUS_REST.connection.TLS Version=,FD_OIC_CMN_TLS,,
Y,VBCSUS_REST.connection.Connection URL=,FD_OIC_CMN_VBCS_URL,,
N,VBCSUS_REST.connection.Enable two way SSL for outbound connections (Optional)=,,,
N,VBCSUS_REST.connection.Identity keystore alias name (Optional)=,,,
Y,VBCSUS_REST.secure.Username=,FD_OIC_CMN_OIC_USER,,
Y,VBCSUS_REST.secure.Password=,FD_OIC_CMN_OIC_PASS,,
N,VBCSUS_REST.agentDefinition=,,,
N,,,,
Y,VIMOS_REST.connection.Connection Type=,FD_OIC_CMN_RESTURL,,
N,VIMOS_REST.connection.TLS Version=,,,
Y,VIMOS_REST.connection.Connection URL=,FD_OIC_IMOS_URL,,
N,VIMOS_REST.connection.Enable two way SSL for outbound connections (Optional)=,,,
N,VIMOS_REST.connection.Identity keystore alias name (Optional)=,,,
Y,VIMOS_REST.secure.API Key=,FD_OIC_IMOS_API,,
Y,VIMOS_REST.secure.API Key Usage=,FD_OIC_IMOS_API_USAGE,,
N,VIMOS_REST.agentDefinition=,,,
N,,,,
Y,WORKD_REST.connection.Connection Type=,FD_OIC_CMN_RESTURL,,
N,WORKD_REST.connection.TLS Version=,,,
Y,WORKD_REST.connection.Connection URL=,FD_OIC_WORKDAY_URL,,
N,WORKD_REST.connection.Enable two way SSL for outbound connections (Optional)=,,,
N,WORKD_REST.connection.Identity keystore alias name (Optional)=,,,
Y,WORKD_REST.secure.Username=,FD_OIC_WORKDAY_USER,,
Y,WORKD_REST.secure.Password=,FD_OIC_WORKDAY_PASS,,
N,WORKD_REST.agentDefinition=,,,
N,,,,
Y,XE_REST_RATES.connection.Connection Type=,FD_OIC_CMN_RESTURL,,
N,XE_REST_RATES.connection.TLS Version=,,,
Y,XE_REST_RATES.connection.Connection URL=,FD_OIC_XE_URL,,
N,XE_REST_RATES.connection.Enable two way SSL for outbound connections (Optional)=,,,
N,XE_REST_RATES.connection.Identity keystore alias name (Optional)=,,,
Y,XE_REST_RATES.secure.Username=,FD_OIC_XE_USER,,
Y,XE_REST_RATES.secure.Password=,FD_OIC_XE_PASS,,
N,XE_REST_RATES.agentDefinition=,,,
N,,,,
N,OIC_TGR_REST.agentDefinition=,,,
N,,,,
